months,sqm,block,flat_model,flat_type,floor_area_sqm,lease_commence_date,month,month_num,psm_price,resale_price,storey_range,street_name,town
1,80,194,Improved,5 ROOM,122.0,1993,Feb-15,201502,3401.64,415000.0,01 TO 03,PASIR RIS ST 12,PASIR RIS
1,81,194,Improved,5 ROOM,122.0,1993,Feb-15,201502,3401.64,415000.0,01 TO 03,PASIR RIS ST 12,PASIR RIS
1,82,194,Improved,5 ROOM,122.0,1993,Feb-15,201502,3401.64,415000.0,01 TO 03,PASIR RIS ST 12,PASIR RIS
1,83,194,Improved,5 ROOM,122.0,1993,Feb-15,201502,3401.64,415000.0,01 TO 03,PASIR RIS ST 12,PASIR RIS
1,84,194,Improved,5 ROOM,122.0,1993,Feb-15,201502,3401.64,415000.0,01 TO 03,PASIR RIS ST 12,PASIR RIS
1,85,194,Improved,5 ROOM,122.0,1993,Feb-15,201502,3401.64,415000.0,01 TO 03,PASIR RIS ST 12,PASIR RIS
1,86,194,Improved,5 ROOM,122.0,1993,Feb-15,201502,3401.64,415000.0,01 TO 03,PASIR RIS ST 12,PASIR RIS
1,87,194,Improved,5 ROOM,122.0,1993,Feb-15,201502,3401.64,415000.0,01 TO 03,PASIR RIS ST 12,PASIR RIS
1,88,194,Improved,5 ROOM,122.0,1993,Feb-15,201502,3401.64,415000.0,01 TO 03,PASIR RIS ST 12,PASIR RIS
1,89,194,Improved,5 ROOM,122.0,1993,Feb-15,201502,3401.64,415000.0,01 TO 03,PASIR RIS ST 12,PASIR RIS
1,90,194,Improved,5 ROOM,122.0,1993,Feb-15,201502,3401.64,415000.0,01 TO 03,PASIR RIS ST 12,PASIR RIS
1,91,194,Improved,5 ROOM,122.0,1993,Feb-15,201502,3401.64,415000.0,01 TO 03,PASIR RIS ST 12,PASIR RIS
1,92,194,Improved,5 ROOM,122.0,1993,Feb-15,201502,3401.64,415000.0,01 TO 03,PASIR RIS ST 12,PASIR RIS
1,93,194,Improved,5 ROOM,122.0,1993,Feb-15,201502,3401.64,415000.0,01 TO 03,PASIR RIS ST 12,PASIR RIS
1,94,194,Improved,5 ROOM,122.0,1993,Feb-15,201502,3401.64,415000.0,01 TO 03,PASIR RIS ST 12,PASIR RIS
1,95,194,Improved,5 ROOM,122.0,1993,Feb-15,201502,3401.64,415000.0,01 TO 03,PASIR RIS ST 12,PASIR RIS
1,96,194,Improved,5 ROOM,122.0,1993,Feb-15,201502,3401.64,415000.0,01 TO 03,PASIR RIS ST 12,PASIR RIS
1,97,194,Improved,5 ROOM,122.0,1993,Feb-15,201502,3401.64,415000.0,01 TO 03,PASIR RIS ST 12,PASIR RIS
1,98,194,Improved,5 ROOM,122.0,1993,Feb-15,201502,3401.64,415000.0,01 TO 03,PASIR RIS ST 12,PASIR RIS
1,99,194,Improved,5 ROOM,122.0,1993,Feb-15,201502,3401.64,415000.0,01 TO 03,PASIR RIS ST 12,PASIR RIS
1,100,194,Improved,5 ROOM,122.0,1993,Feb-15,201502,3401.64,415000.0,01 TO 03,PASIR RIS ST 12,PASIR RIS
1,101,194,Improved,5 ROOM,122.0,1993,Feb-15,201502,3401.64,415000.0,01 TO 03,PASIR RIS ST 12,PASIR RIS
1,102,194,Improved,5 ROOM,122.0,1993,Feb-15,201502,3401.64,415000.0,01 TO 03,PASIR RIS ST 12,PASIR RIS
1,103,194,Improved,5 ROOM,122.0,1993,Feb-15,201502,3401.64,415000.0,01 TO 03,PASIR RIS ST 12,PASIR RIS
1,104,194,Improved,5 ROOM,122.0,1993,Feb-15,201502,3401.64,415000.0,01 TO 03,PASIR RIS ST 12,PASIR RIS
1,105,194,Improved,5 ROOM,122.0,1993,Feb-15,201502,3401.64,415000.0,01 TO 03,PASIR RIS ST 12,PASIR RIS
1,106,194,Improved,5 ROOM,122.0,1993,Feb-15,201502,3401.64,415000.0,01 TO 03,PASIR RIS ST 12,PASIR RIS
1,107,194,Improved,5 ROOM,122.0,1993,Feb-15,201502,3401.64,415000.0,01 TO 03,PASIR RIS ST 12,PASIR RIS
1,108,194,Improved,5 ROOM,122.0,1993,Feb-15,201502,3401.64,415000.0,01 TO 03,PASIR RIS ST 12,PASIR RIS
1,109,194,Improved,5 ROOM,122.0,1993,Feb-15,201502,3401.64,415000.0,01 TO 03,PASIR RIS ST 12,PASIR RIS
1,110,194,Improved,5 ROOM,122.0,1993,Feb-15,201502,3401.64,415000.0,01 TO 03,PASIR RIS ST 12,PASIR RIS
1,111,194,Improved,5 ROOM,122.0,1993,Feb-15,201502,3401.64,415000.0,01 TO 03,PASIR RIS ST 12,PASIR RIS
1,112,194,Improved,5 ROOM,122.0,1993,Feb-15,201502,3401.64,415000.0,01 TO 03,PASIR RIS ST 12,PASIR RIS
1,113,194,Improved,5 ROOM,122.0,1993,Feb-15,201502,3401.64,415000.0,01 TO 03,PASIR RIS ST 12,PASIR RIS
1,114,194,Improved,5 ROOM,122.0,1993,Feb-15,201502,3401.64,415000.0,01 TO 03,PASIR RIS ST 12,PASIR RIS
1,115,194,Improved,5 ROOM,122.0,1993,Feb-15,201502,3401.64,415000.0,01 TO 03,PASIR RIS ST 12,PASIR RIS
1,116,194,Improved,5 ROOM,122.0,1993,Feb-15,201502,3401.64,415000.0,01 TO 03,PASIR RIS ST 12,PASIR RIS
1,117,194,Improved,5 ROOM,122.0,1993,Feb-15,201502,3401.64,415000.0,01 TO 03,PASIR RIS ST 12,PASIR RIS
1,118,194,Improved,5 ROOM,122.0,1993,Feb-15,201502,3401.64,415000.0,01 TO 03,PASIR RIS ST 12,PASIR RIS
1,119,194,Improved,5 ROOM,122.0,1993,Feb-15,201502,3401.64,415000.0,01 TO 03,PASIR RIS ST 12,PASIR RIS
1,120,194,Improved,5 ROOM,122.0,1993,Feb-15,201502,3401.64,415000.0,01 TO 03,PASIR RIS ST 12,PASIR RIS
1,121,194,Improved,5 ROOM,122.0,1993,Feb-15,201502,3401.64,415000.0,01 TO 03,PASIR RIS ST 12,PASIR RIS
1,122,194,Improved,5 ROOM,122.0,1993,Feb-15,201502,3401.64,415000.0,01 TO 03,PASIR RIS ST 12,PASIR RIS
1,123,140,Improved,5 ROOM,126.0,1994,Feb-15,201502,3412.7,430000.0,07 TO 09,PASIR RIS ST 11,PASIR RIS
1,124,140,Improved,5 ROOM,126.0,1994,Feb-15,201502,3412.7,430000.0,07 TO 09,PASIR RIS ST 11,PASIR RIS
1,125,140,Improved,5 ROOM,126.0,1994,Feb-15,201502,3412.7,430000.0,07 TO 09,PASIR RIS ST 11,PASIR RIS
1,126,140,Improved,5 ROOM,126.0,1994,Feb-15,201502,3412.7,430000.0,07 TO 09,PASIR RIS ST 11,PASIR RIS
1,127,190,Model A,5 ROOM,136.0,1993,Jan-15,201501,3455.88,470000.0,10 TO 12,PASIR RIS ST 12,PASIR RIS
1,128,190,Model A,5 ROOM,136.0,1993,Jan-15,201501,3455.88,470000.0,10 TO 12,PASIR RIS ST 12,PASIR RIS
1,129,190,Model A,5 ROOM,136.0,1993,Jan-15,201501,3455.88,470000.0,10 TO 12,PASIR RIS ST 12,PASIR RIS
1,130,190,Model A,5 ROOM,136.0,1993,Jan-15,201501,3455.88,470000.0,10 TO 12,PASIR RIS ST 12,PASIR RIS
1,131,190,Model A,5 ROOM,136.0,1993,Jan-15,201501,3455.88,470000.0,10 TO 12,PASIR RIS ST 12,PASIR RIS
1,132,190,Model A,5 ROOM,136.0,1993,Jan-15,201501,3455.88,470000.0,10 TO 12,PASIR RIS ST 12,PASIR RIS
1,133,190,Model A,5 ROOM,136.0,1993,Jan-15,201501,3455.88,470000.0,10 TO 12,PASIR RIS ST 12,PASIR RIS
1,134,190,Model A,5 ROOM,136.0,1993,Jan-15,201501,3455.88,470000.0,10 TO 12,PASIR RIS ST 12,PASIR RIS
1,135,190,Model A,5 ROOM,136.0,1993,Jan-15,201501,3455.88,470000.0,10 TO 12,PASIR RIS ST 12,PASIR RIS
1,136,190,Model A,5 ROOM,136.0,1993,Jan-15,201501,3455.88,470000.0,10 TO 12,PASIR RIS ST 12,PASIR RIS
1,137,240,Apartment,EXECUTIVE,150.0,1993,Feb-15,201502,3500.0,525000.0,01 TO 03,PASIR RIS ST 21,PASIR RIS
1,138,240,Apartment,EXECUTIVE,150.0,1993,Feb-15,201502,3500.0,525000.0,01 TO 03,PASIR RIS ST 21,PASIR RIS
1,139,240,Apartment,EXECUTIVE,150.0,1993,Feb-15,201502,3500.0,525000.0,01 TO 03,PASIR RIS ST 21,PASIR RIS
1,140,240,Apartment,EXECUTIVE,150.0,1993,Feb-15,201502,3500.0,525000.0,01 TO 03,PASIR RIS ST 21,PASIR RIS
1,141,240,Apartment,EXECUTIVE,150.0,1993,Feb-15,201502,3500.0,525000.0,01 TO 03,PASIR RIS ST 21,PASIR RIS
1,142,240,Apartment,EXECUTIVE,150.0,1993,Feb-15,201502,3500.0,525000.0,01 TO 03,PASIR RIS ST 21,PASIR RIS
1,143,240,Apartment,EXECUTIVE,150.0,1993,Feb-15,201502,3500.0,525000.0,01 TO 03,PASIR RIS ST 21,PASIR RIS
1,144,240,Apartment,EXECUTIVE,150.0,1993,Feb-15,201502,3500.0,525000.0,01 TO 03,PASIR RIS ST 21,PASIR RIS
1,145,240,Apartment,EXECUTIVE,150.0,1993,Feb-15,201502,3500.0,525000.0,01 TO 03,PASIR RIS ST 21,PASIR RIS
1,146,240,Apartment,EXECUTIVE,150.0,1993,Feb-15,201502,3500.0,525000.0,01 TO 03,PASIR RIS ST 21,PASIR RIS
1,147,240,Apartment,EXECUTIVE,150.0,1993,Feb-15,201502,3500.0,525000.0,01 TO 03,PASIR RIS ST 21,PASIR RIS
1,148,240,Apartment,EXECUTIVE,150.0,1993,Feb-15,201502,3500.0,525000.0,01 TO 03,PASIR RIS ST 21,PASIR RIS
1,149,240,Apartment,EXECUTIVE,150.0,1993,Feb-15,201502,3500.0,525000.0,01 TO 03,PASIR RIS ST 21,PASIR RIS
1,150,240,Apartment,EXECUTIVE,150.0,1993,Feb-15,201502,3500.0,525000.0,01 TO 03,PASIR RIS ST 21,PASIR RIS
2,80,139,Improved,5 ROOM,126.0,1994,Mar-15,201503,3357.14,423000.0,01 TO 03,PASIR RIS ST 11,PASIR RIS
2,81,139,Improved,5 ROOM,126.0,1994,Mar-15,201503,3357.14,423000.0,01 TO 03,PASIR RIS ST 11,PASIR RIS
2,82,139,Improved,5 ROOM,126.0,1994,Mar-15,201503,3357.14,423000.0,01 TO 03,PASIR RIS ST 11,PASIR RIS
2,83,139,Improved,5 ROOM,126.0,1994,Mar-15,201503,3357.14,423000.0,01 TO 03,PASIR RIS ST 11,PASIR RIS
2,84,139,Improved,5 ROOM,126.0,1994,Mar-15,201503,3357.14,423000.0,01 TO 03,PASIR RIS ST 11,PASIR RIS
2,85,139,Improved,5 ROOM,126.0,1994,Mar-15,201503,3357.14,423000.0,01 TO 03,PASIR RIS ST 11,PASIR RIS
2,86,139,Improved,5 ROOM,126.0,1994,Mar-15,201503,3357.14,423000.0,01 TO 03,PASIR RIS ST 11,PASIR RIS
2,87,139,Improved,5 ROOM,126.0,1994,Mar-15,201503,3357.14,423000.0,01 TO 03,PASIR RIS ST 11,PASIR RIS
2,88,139,Improved,5 ROOM,126.0,1994,Mar-15,201503,3357.14,423000.0,01 TO 03,PASIR RIS ST 11,PASIR RIS
2,89,139,Improved,5 ROOM,126.0,1994,Mar-15,201503,3357.14,423000.0,01 TO 03,PASIR RIS ST 11,PASIR RIS
2,90,139,Improved,5 ROOM,126.0,1994,Mar-15,201503,3357.14,423000.0,01 TO 03,PASIR RIS ST 11,PASIR RIS
2,91,139,Improved,5 ROOM,126.0,1994,Mar-15,201503,3357.14,423000.0,01 TO 03,PASIR RIS ST 11,PASIR RIS
2,92,139,Improved,5 ROOM,126.0,1994,Mar-15,201503,3357.14,423000.0,01 TO 03,PASIR RIS ST 11,PASIR RIS
2,93,139,Improved,5 ROOM,126.0,1994,Mar-15,201503,3357.14,423000.0,01 TO 03,PASIR RIS ST 11,PASIR RIS
2,94,139,Improved,5 ROOM,126.0,1994,Mar-15,201503,3357.14,423000.0,01 TO 03,PASIR RIS ST 11,PASIR RIS
2,95,139,Improved,5 ROOM,126.0,1994,Mar-15,201503,3357.14,423000.0,01 TO 03,PASIR RIS ST 11,PASIR RIS
2,96,139,Improved,5 ROOM,126.0,1994,Mar-15,201503,3357.14,423000.0,01 TO 03,PASIR RIS ST 11,PASIR RIS
2,97,139,Improved,5 ROOM,126.0,1994,Mar-15,201503,3357.14,423000.0,01 TO 03,PASIR RIS ST 11,PASIR RIS
2,98,139,Improved,5 ROOM,126.0,1994,Mar-15,201503,3357.14,423000.0,01 TO 03,PASIR RIS ST 11,PASIR RIS
2,99,139,Improved,5 ROOM,126.0,1994,Mar-15,201503,3357.14,423000.0,01 TO 03,PASIR RIS ST 11,PASIR RIS
2,100,139,Improved,5 ROOM,126.0,1994,Mar-15,201503,3357.14,423000.0,01 TO 03,PASIR RIS ST 11,PASIR RIS
2,101,139,Improved,5 ROOM,126.0,1994,Mar-15,201503,3357.14,423000.0,01 TO 03,PASIR RIS ST 11,PASIR RIS
2,102,139,Improved,5 ROOM,126.0,1994,Mar-15,201503,3357.14,423000.0,01 TO 03,PASIR RIS ST 11,PASIR RIS
2,103,139,Improved,5 ROOM,126.0,1994,Mar-15,201503,3357.14,423000.0,01 TO 03,PASIR RIS ST 11,PASIR RIS
2,104,139,Improved,5 ROOM,126.0,1994,Mar-15,201503,3357.14,423000.0,01 TO 03,PASIR RIS ST 11,PASIR RIS
2,105,139,Improved,5 ROOM,126.0,1994,Mar-15,201503,3357.14,423000.0,01 TO 03,PASIR RIS ST 11,PASIR RIS
2,106,139,Improved,5 ROOM,126.0,1994,Mar-15,201503,3357.14,423000.0,01 TO 03,PASIR RIS ST 11,PASIR RIS
2,107,139,Improved,5 ROOM,126.0,1994,Mar-15,201503,3357.14,423000.0,01 TO 03,PASIR RIS ST 11,PASIR RIS
2,108,139,Improved,5 ROOM,126.0,1994,Mar-15,201503,3357.14,423000.0,01 TO 03,PASIR RIS ST 11,PASIR RIS
2,109,139,Improved,5 ROOM,126.0,1994,Mar-15,201503,3357.14,423000.0,01 TO 03,PASIR RIS ST 11,PASIR RIS
2,110,139,Improved,5 ROOM,126.0,1994,Mar-15,201503,3357.14,423000.0,01 TO 03,PASIR RIS ST 11,PASIR RIS
2,111,139,Improved,5 ROOM,126.0,1994,Mar-15,201503,3357.14,423000.0,01 TO 03,PASIR RIS ST 11,PASIR RIS
2,112,139,Improved,5 ROOM,126.0,1994,Mar-15,201503,3357.14,423000.0,01 TO 03,PASIR RIS ST 11,PASIR RIS
2,113,139,Improved,5 ROOM,126.0,1994,Mar-15,201503,3357.14,423000.0,01 TO 03,PASIR RIS ST 11,PASIR RIS
2,114,139,Improved,5 ROOM,126.0,1994,Mar-15,201503,3357.14,423000.0,01 TO 03,PASIR RIS ST 11,PASIR RIS
2,115,139,Improved,5 ROOM,126.0,1994,Mar-15,201503,3357.14,423000.0,01 TO 03,PASIR RIS ST 11,PASIR RIS
2,116,139,Improved,5 ROOM,126.0,1994,Mar-15,201503,3357.14,423000.0,01 TO 03,PASIR RIS ST 11,PASIR RIS
2,117,139,Improved,5 ROOM,126.0,1994,Mar-15,201503,3357.14,423000.0,01 TO 03,PASIR RIS ST 11,PASIR RIS
2,118,139,Improved,5 ROOM,126.0,1994,Mar-15,201503,3357.14,423000.0,01 TO 03,PASIR RIS ST 11,PASIR RIS
2,119,139,Improved,5 ROOM,126.0,1994,Mar-15,201503,3357.14,423000.0,01 TO 03,PASIR RIS ST 11,PASIR RIS
2,120,139,Improved,5 ROOM,126.0,1994,Mar-15,201503,3357.14,423000.0,01 TO 03,PASIR RIS ST 11,PASIR RIS
2,121,139,Improved,5 ROOM,126.0,1994,Mar-15,201503,3357.14,423000.0,01 TO 03,PASIR RIS ST 11,PASIR RIS
2,122,139,Improved,5 ROOM,126.0,1994,Mar-15,201503,3357.14,423000.0,01 TO 03,PASIR RIS ST 11,PASIR RIS
2,123,139,Improved,5 ROOM,126.0,1994,Mar-15,201503,3357.14,423000.0,01 TO 03,PASIR RIS ST 11,PASIR RIS
2,124,139,Improved,5 ROOM,126.0,1994,Mar-15,201503,3357.14,423000.0,01 TO 03,PASIR RIS ST 11,PASIR RIS
2,125,139,Improved,5 ROOM,126.0,1994,Mar-15,201503,3357.14,423000.0,01 TO 03,PASIR RIS ST 11,PASIR RIS
2,126,139,Improved,5 ROOM,126.0,1994,Mar-15,201503,3357.14,423000.0,01 TO 03,PASIR RIS ST 11,PASIR RIS
2,127,776,Improved,5 ROOM,128.0,1996,Mar-15,201503,3437.5,440000.0,04 TO 06,PASIR RIS ST 71,PASIR RIS
2,128,776,Improved,5 ROOM,128.0,1996,Mar-15,201503,3437.5,440000.0,04 TO 06,PASIR RIS ST 71,PASIR RIS
2,129,190,Model A,5 ROOM,136.0,1993,Jan-15,201501,3455.88,470000.0,10 TO 12,PASIR RIS ST 12,PASIR RIS
2,130,190,Model A,5 ROOM,136.0,1993,Jan-15,201501,3455.88,470000.0,10 TO 12,PASIR RIS ST 12,PASIR RIS
2,131,190,Model A,5 ROOM,136.0,1993,Jan-15,201501,3455.88,470000.0,10 TO 12,PASIR RIS ST 12,PASIR RIS
2,132,190,Model A,5 ROOM,136.0,1993,Jan-15,201501,3455.88,470000.0,10 TO 12,PASIR RIS ST 12,PASIR RIS
2,133,190,Model A,5 ROOM,136.0,1993,Jan-15,201501,3455.88,470000.0,10 TO 12,PASIR RIS ST 12,PASIR RIS
2,134,190,Model A,5 ROOM,136.0,1993,Jan-15,201501,3455.88,470000.0,10 TO 12,PASIR RIS ST 12,PASIR RIS
2,135,190,Model A,5 ROOM,136.0,1993,Jan-15,201501,3455.88,470000.0,10 TO 12,PASIR RIS ST 12,PASIR RIS
2,136,190,Model A,5 ROOM,136.0,1993,Jan-15,201501,3455.88,470000.0,10 TO 12,PASIR RIS ST 12,PASIR RIS
2,137,240,Apartment,EXECUTIVE,150.0,1993,Feb-15,201502,3500.0,525000.0,01 TO 03,PASIR RIS ST 21,PASIR RIS
2,138,240,Apartment,EXECUTIVE,150.0,1993,Feb-15,201502,3500.0,525000.0,01 TO 03,PASIR RIS ST 21,PASIR RIS
2,139,240,Apartment,EXECUTIVE,150.0,1993,Feb-15,201502,3500.0,525000.0,01 TO 03,PASIR RIS ST 21,PASIR RIS
2,140,240,Apartment,EXECUTIVE,150.0,1993,Feb-15,201502,3500.0,525000.0,01 TO 03,PASIR RIS ST 21,PASIR RIS
2,141,240,Apartment,EXECUTIVE,150.0,1993,Feb-15,201502,3500.0,525000.0,01 TO 03,PASIR RIS ST 21,PASIR RIS
2,142,240,Apartment,EXECUTIVE,150.0,1993,Feb-15,201502,3500.0,525000.0,01 TO 03,PASIR RIS ST 21,PASIR RIS
2,143,240,Apartment,EXECUTIVE,150.0,1993,Feb-15,201502,3500.0,525000.0,01 TO 03,PASIR RIS ST 21,PASIR RIS
2,144,240,Apartment,EXECUTIVE,150.0,1993,Feb-15,201502,3500.0,525000.0,01 TO 03,PASIR RIS ST 21,PASIR RIS
2,145,240,Apartment,EXECUTIVE,150.0,1993,Feb-15,201502,3500.0,525000.0,01 TO 03,PASIR RIS ST 21,PASIR RIS
2,146,240,Apartment,EXECUTIVE,150.0,1993,Feb-15,201502,3500.0,525000.0,01 TO 03,PASIR RIS ST 21,PASIR RIS
2,147,240,Apartment,EXECUTIVE,150.0,1993,Feb-15,201502,3500.0,525000.0,01 TO 03,PASIR RIS ST 21,PASIR RIS
2,148,240,Apartment,EXECUTIVE,150.0,1993,Feb-15,201502,3500.0,525000.0,01 TO 03,PASIR RIS ST 21,PASIR RIS
2,149,240,Apartment,EXECUTIVE,150.0,1993,Feb-15,201502,3500.0,525000.0,01 TO 03,PASIR RIS ST 21,PASIR RIS
2,150,240,Apartment,EXECUTIVE,150.0,1993,Feb-15,201502,3500.0,525000.0,01 TO 03,PASIR RIS ST 21,PASIR RIS
3,80,777,Improved,5 ROOM,128.0,1996,Apr-15,201504,3281.25,420000.0,01 TO 03,PASIR RIS ST 71,PASIR RIS
3,81,777,Improved,5 ROOM,128.0,1996,Apr-15,201504,3281.25,420000.0,01 TO 03,PASIR RIS ST 71,PASIR RIS
3,82,777,Improved,5 ROOM,128.0,1996,Apr-15,201504,3281.25,420000.0,01 TO 03,PASIR RIS ST 71,PASIR RIS
3,83,777,Improved,5 ROOM,128.0,1996,Apr-15,201504,3281.25,420000.0,01 TO 03,PASIR RIS ST 71,PASIR RIS
3,84,777,Improved,5 ROOM,128.0,1996,Apr-15,201504,3281.25,420000.0,01 TO 03,PASIR RIS ST 71,PASIR RIS
3,85,777,Improved,5 ROOM,128.0,1996,Apr-15,201504,3281.25,420000.0,01 TO 03,PASIR RIS ST 71,PASIR RIS
3,86,777,Improved,5 ROOM,128.0,1996,Apr-15,201504,3281.25,420000.0,01 TO 03,PASIR RIS ST 71,PASIR RIS
3,87,777,Improved,5 ROOM,128.0,1996,Apr-15,201504,3281.25,420000.0,01 TO 03,PASIR RIS ST 71,PASIR RIS
3,88,777,Improved,5 ROOM,128.0,1996,Apr-15,201504,3281.25,420000.0,01 TO 03,PASIR RIS ST 71,PASIR RIS
3,89,777,Improved,5 ROOM,128.0,1996,Apr-15,201504,3281.25,420000.0,01 TO 03,PASIR RIS ST 71,PASIR RIS
3,90,777,Improved,5 ROOM,128.0,1996,Apr-15,201504,3281.25,420000.0,01 TO 03,PASIR RIS ST 71,PASIR RIS
3,91,777,Improved,5 ROOM,128.0,1996,Apr-15,201504,3281.25,420000.0,01 TO 03,PASIR RIS ST 71,PASIR RIS
3,92,777,Improved,5 ROOM,128.0,1996,Apr-15,201504,3281.25,420000.0,01 TO 03,PASIR RIS ST 71,PASIR RIS
3,93,777,Improved,5 ROOM,128.0,1996,Apr-15,201504,3281.25,420000.0,01 TO 03,PASIR RIS ST 71,PASIR RIS
3,94,777,Improved,5 ROOM,128.0,1996,Apr-15,201504,3281.25,420000.0,01 TO 03,PASIR RIS ST 71,PASIR RIS
3,95,777,Improved,5 ROOM,128.0,1996,Apr-15,201504,3281.25,420000.0,01 TO 03,PASIR RIS ST 71,PASIR RIS
3,96,777,Improved,5 ROOM,128.0,1996,Apr-15,201504,3281.25,420000.0,01 TO 03,PASIR RIS ST 71,PASIR RIS
3,97,777,Improved,5 ROOM,128.0,1996,Apr-15,201504,3281.25,420000.0,01 TO 03,PASIR RIS ST 71,PASIR RIS
3,98,777,Improved,5 ROOM,128.0,1996,Apr-15,201504,3281.25,420000.0,01 TO 03,PASIR RIS ST 71,PASIR RIS
3,99,777,Improved,5 ROOM,128.0,1996,Apr-15,201504,3281.25,420000.0,01 TO 03,PASIR RIS ST 71,PASIR RIS
3,100,777,Improved,5 ROOM,128.0,1996,Apr-15,201504,3281.25,420000.0,01 TO 03,PASIR RIS ST 71,PASIR RIS
3,101,777,Improved,5 ROOM,128.0,1996,Apr-15,201504,3281.25,420000.0,01 TO 03,PASIR RIS ST 71,PASIR RIS
3,102,777,Improved,5 ROOM,128.0,1996,Apr-15,201504,3281.25,420000.0,01 TO 03,PASIR RIS ST 71,PASIR RIS
3,103,777,Improved,5 ROOM,128.0,1996,Apr-15,201504,3281.25,420000.0,01 TO 03,PASIR RIS ST 71,PASIR RIS
3,104,777,Improved,5 ROOM,128.0,1996,Apr-15,201504,3281.25,420000.0,01 TO 03,PASIR RIS ST 71,PASIR RIS
3,105,777,Improved,5 ROOM,128.0,1996,Apr-15,201504,3281.25,420000.0,01 TO 03,PASIR RIS ST 71,PASIR RIS
3,106,777,Improved,5 ROOM,128.0,1996,Apr-15,201504,3281.25,420000.0,01 TO 03,PASIR RIS ST 71,PASIR RIS
3,107,777,Improved,5 ROOM,128.0,1996,Apr-15,201504,3281.25,420000.0,01 TO 03,PASIR RIS ST 71,PASIR RIS
3,108,777,Improved,5 ROOM,128.0,1996,Apr-15,201504,3281.25,420000.0,01 TO 03,PASIR RIS ST 71,PASIR RIS
3,109,777,Improved,5 ROOM,128.0,1996,Apr-15,201504,3281.25,420000.0,01 TO 03,PASIR RIS ST 71,PASIR RIS
3,110,777,Improved,5 ROOM,128.0,1996,Apr-15,201504,3281.25,420000.0,01 TO 03,PASIR RIS ST 71,PASIR RIS
3,111,777,Improved,5 ROOM,128.0,1996,Apr-15,201504,3281.25,420000.0,01 TO 03,PASIR RIS ST 71,PASIR RIS
3,112,777,Improved,5 ROOM,128.0,1996,Apr-15,201504,3281.25,420000.0,01 TO 03,PASIR RIS ST 71,PASIR RIS
3,113,777,Improved,5 ROOM,128.0,1996,Apr-15,201504,3281.25,420000.0,01 TO 03,PASIR RIS ST 71,PASIR RIS
3,114,777,Improved,5 ROOM,128.0,1996,Apr-15,201504,3281.25,420000.0,01 TO 03,PASIR RIS ST 71,PASIR RIS
3,115,777,Improved,5 ROOM,128.0,1996,Apr-15,201504,3281.25,420000.0,01 TO 03,PASIR RIS ST 71,PASIR RIS
3,116,777,Improved,5 ROOM,128.0,1996,Apr-15,201504,3281.25,420000.0,01 TO 03,PASIR RIS ST 71,PASIR RIS
3,117,777,Improved,5 ROOM,128.0,1996,Apr-15,201504,3281.25,420000.0,01 TO 03,PASIR RIS ST 71,PASIR RIS
3,118,777,Improved,5 ROOM,128.0,1996,Apr-15,201504,3281.25,420000.0,01 TO 03,PASIR RIS ST 71,PASIR RIS
3,119,777,Improved,5 ROOM,128.0,1996,Apr-15,201504,3281.25,420000.0,01 TO 03,PASIR RIS ST 71,PASIR RIS
3,120,777,Improved,5 ROOM,128.0,1996,Apr-15,201504,3281.25,420000.0,01 TO 03,PASIR RIS ST 71,PASIR RIS
3,121,777,Improved,5 ROOM,128.0,1996,Apr-15,201504,3281.25,420000.0,01 TO 03,PASIR RIS ST 71,PASIR RIS
3,122,777,Improved,5 ROOM,128.0,1996,Apr-15,201504,3281.25,420000.0,01 TO 03,PASIR RIS ST 71,PASIR RIS
3,123,777,Improved,5 ROOM,128.0,1996,Apr-15,201504,3281.25,420000.0,01 TO 03,PASIR RIS ST 71,PASIR RIS
3,124,777,Improved,5 ROOM,128.0,1996,Apr-15,201504,3281.25,420000.0,01 TO 03,PASIR RIS ST 71,PASIR RIS
3,125,777,Improved,5 ROOM,128.0,1996,Apr-15,201504,3281.25,420000.0,01 TO 03,PASIR RIS ST 71,PASIR RIS
3,126,777,Improved,5 ROOM,128.0,1996,Apr-15,201504,3281.25,420000.0,01 TO 03,PASIR RIS ST 71,PASIR RIS
3,127,777,Improved,5 ROOM,128.0,1996,Apr-15,201504,3281.25,420000.0,01 TO 03,PASIR RIS ST 71,PASIR RIS
3,128,777,Improved,5 ROOM,128.0,1996,Apr-15,201504,3281.25,420000.0,01 TO 03,PASIR RIS ST 71,PASIR RIS
3,129,226,Model A,5 ROOM,137.0,1993,Apr-15,201504,3357.66,460000.0,01 TO 03,PASIR RIS ST 21,PASIR RIS
3,130,226,Model A,5 ROOM,137.0,1993,Apr-15,201504,3357.66,460000.0,01 TO 03,PASIR RIS ST 21,PASIR RIS
3,131,226,Model A,5 ROOM,137.0,1993,Apr-15,201504,3357.66,460000.0,01 TO 03,PASIR RIS ST 21,PASIR RIS
3,132,226,Model A,5 ROOM,137.0,1993,Apr-15,201504,3357.66,460000.0,01 TO 03,PASIR RIS ST 21,PASIR RIS
3,133,226,Model A,5 ROOM,137.0,1993,Apr-15,201504,3357.66,460000.0,01 TO 03,PASIR RIS ST 21,PASIR RIS
3,134,226,Model A,5 ROOM,137.0,1993,Apr-15,201504,3357.66,460000.0,01 TO 03,PASIR RIS ST 21,PASIR RIS
3,135,226,Model A,5 ROOM,137.0,1993,Apr-15,201504,3357.66,460000.0,01 TO 03,PASIR RIS ST 21,PASIR RIS
3,136,226,Model A,5 ROOM,137.0,1993,Apr-15,201504,3357.66,460000.0,01 TO 03,PASIR RIS ST 21,PASIR RIS
3,137,226,Model A,5 ROOM,137.0,1993,Apr-15,201504,3357.66,460000.0,01 TO 03,PASIR RIS ST 21,PASIR RIS
3,138,240,Apartment,EXECUTIVE,150.0,1993,Feb-15,201502,3500.0,525000.0,01 TO 03,PASIR RIS ST 21,PASIR RIS
3,139,240,Apartment,EXECUTIVE,150.0,1993,Feb-15,201502,3500.0,525000.0,01 TO 03,PASIR RIS ST 21,PASIR RIS
3,140,240,Apartment,EXECUTIVE,150.0,1993,Feb-15,201502,3500.0,525000.0,01 TO 03,PASIR RIS ST 21,PASIR RIS
3,141,240,Apartment,EXECUTIVE,150.0,1993,Feb-15,201502,3500.0,525000.0,01 TO 03,PASIR RIS ST 21,PASIR RIS
3,142,240,Apartment,EXECUTIVE,150.0,1993,Feb-15,201502,3500.0,525000.0,01 TO 03,PASIR RIS ST 21,PASIR RIS
3,143,240,Apartment,EXECUTIVE,150.0,1993,Feb-15,201502,3500.0,525000.0,01 TO 03,PASIR RIS ST 21,PASIR RIS
3,144,240,Apartment,EXECUTIVE,150.0,1993,Feb-15,201502,3500.0,525000.0,01 TO 03,PASIR RIS ST 21,PASIR RIS
3,145,240,Apartment,EXECUTIVE,150.0,1993,Feb-15,201502,3500.0,525000.0,01 TO 03,PASIR RIS ST 21,PASIR RIS
3,146,240,Apartment,EXECUTIVE,150.0,1993,Feb-15,201502,3500.0,525000.0,01 TO 03,PASIR RIS ST 21,PASIR RIS
3,147,240,Apartment,EXECUTIVE,150.0,1993,Feb-15,201502,3500.0,525000.0,01 TO 03,PASIR RIS ST 21,PASIR RIS
3,148,240,Apartment,EXECUTIVE,150.0,1993,Feb-15,201502,3500.0,525000.0,01 TO 03,PASIR RIS ST 21,PASIR RIS
3,149,240,Apartment,EXECUTIVE,150.0,1993,Feb-15,201502,3500.0,525000.0,01 TO 03,PASIR RIS ST 21,PASIR RIS
3,150,240,Apartment,EXECUTIVE,150.0,1993,Feb-15,201502,3500.0,525000.0,01 TO 03,PASIR RIS ST 21,PASIR RIS
4,80,777,Improved,5 ROOM,128.0,1996,Apr-15,201504,3281.25,420000.0,01 TO 03,PASIR RIS ST 71,PASIR RIS
4,81,777,Improved,5 ROOM,128.0,1996,Apr-15,201504,3281.25,420000.0,01 TO 03,PASIR RIS ST 71,PASIR RIS
4,82,777,Improved,5 ROOM,128.0,1996,Apr-15,201504,3281.25,420000.0,01 TO 03,PASIR RIS ST 71,PASIR RIS
4,83,777,Improved,5 ROOM,128.0,1996,Apr-15,201504,3281.25,420000.0,01 TO 03,PASIR RIS ST 71,PASIR RIS
4,84,777,Improved,5 ROOM,128.0,1996,Apr-15,201504,3281.25,420000.0,01 TO 03,PASIR RIS ST 71,PASIR RIS
4,85,777,Improved,5 ROOM,128.0,1996,Apr-15,201504,3281.25,420000.0,01 TO 03,PASIR RIS ST 71,PASIR RIS
4,86,777,Improved,5 ROOM,128.0,1996,Apr-15,201504,3281.25,420000.0,01 TO 03,PASIR RIS ST 71,PASIR RIS
4,87,777,Improved,5 ROOM,128.0,1996,Apr-15,201504,3281.25,420000.0,01 TO 03,PASIR RIS ST 71,PASIR RIS
4,88,777,Improved,5 ROOM,128.0,1996,Apr-15,201504,3281.25,420000.0,01 TO 03,PASIR RIS ST 71,PASIR RIS
4,89,777,Improved,5 ROOM,128.0,1996,Apr-15,201504,3281.25,420000.0,01 TO 03,PASIR RIS ST 71,PASIR RIS
4,90,777,Improved,5 ROOM,128.0,1996,Apr-15,201504,3281.25,420000.0,01 TO 03,PASIR RIS ST 71,PASIR RIS
4,91,777,Improved,5 ROOM,128.0,1996,Apr-15,201504,3281.25,420000.0,01 TO 03,PASIR RIS ST 71,PASIR RIS
4,92,777,Improved,5 ROOM,128.0,1996,Apr-15,201504,3281.25,420000.0,01 TO 03,PASIR RIS ST 71,PASIR RIS
4,93,777,Improved,5 ROOM,128.0,1996,Apr-15,201504,3281.25,420000.0,01 TO 03,PASIR RIS ST 71,PASIR RIS
4,94,777,Improved,5 ROOM,128.0,1996,Apr-15,201504,3281.25,420000.0,01 TO 03,PASIR RIS ST 71,PASIR RIS
4,95,777,Improved,5 ROOM,128.0,1996,Apr-15,201504,3281.25,420000.0,01 TO 03,PASIR RIS ST 71,PASIR RIS
4,96,777,Improved,5 ROOM,128.0,1996,Apr-15,201504,3281.25,420000.0,01 TO 03,PASIR RIS ST 71,PASIR RIS
4,97,777,Improved,5 ROOM,128.0,1996,Apr-15,201504,3281.25,420000.0,01 TO 03,PASIR RIS ST 71,PASIR RIS
4,98,777,Improved,5 ROOM,128.0,1996,Apr-15,201504,3281.25,420000.0,01 TO 03,PASIR RIS ST 71,PASIR RIS
4,99,777,Improved,5 ROOM,128.0,1996,Apr-15,201504,3281.25,420000.0,01 TO 03,PASIR RIS ST 71,PASIR RIS
4,100,777,Improved,5 ROOM,128.0,1996,Apr-15,201504,3281.25,420000.0,01 TO 03,PASIR RIS ST 71,PASIR RIS
4,101,777,Improved,5 ROOM,128.0,1996,Apr-15,201504,3281.25,420000.0,01 TO 03,PASIR RIS ST 71,PASIR RIS
4,102,777,Improved,5 ROOM,128.0,1996,Apr-15,201504,3281.25,420000.0,01 TO 03,PASIR RIS ST 71,PASIR RIS
4,103,777,Improved,5 ROOM,128.0,1996,Apr-15,201504,3281.25,420000.0,01 TO 03,PASIR RIS ST 71,PASIR RIS
4,104,777,Improved,5 ROOM,128.0,1996,Apr-15,201504,3281.25,420000.0,01 TO 03,PASIR RIS ST 71,PASIR RIS
4,105,777,Improved,5 ROOM,128.0,1996,Apr-15,201504,3281.25,420000.0,01 TO 03,PASIR RIS ST 71,PASIR RIS
4,106,777,Improved,5 ROOM,128.0,1996,Apr-15,201504,3281.25,420000.0,01 TO 03,PASIR RIS ST 71,PASIR RIS
4,107,777,Improved,5 ROOM,128.0,1996,Apr-15,201504,3281.25,420000.0,01 TO 03,PASIR RIS ST 71,PASIR RIS
4,108,777,Improved,5 ROOM,128.0,1996,Apr-15,201504,3281.25,420000.0,01 TO 03,PASIR RIS ST 71,PASIR RIS
4,109,777,Improved,5 ROOM,128.0,1996,Apr-15,201504,3281.25,420000.0,01 TO 03,PASIR RIS ST 71,PASIR RIS
4,110,777,Improved,5 ROOM,128.0,1996,Apr-15,201504,3281.25,420000.0,01 TO 03,PASIR RIS ST 71,PASIR RIS
4,111,777,Improved,5 ROOM,128.0,1996,Apr-15,201504,3281.25,420000.0,01 TO 03,PASIR RIS ST 71,PASIR RIS
4,112,777,Improved,5 ROOM,128.0,1996,Apr-15,201504,3281.25,420000.0,01 TO 03,PASIR RIS ST 71,PASIR RIS
4,113,777,Improved,5 ROOM,128.0,1996,Apr-15,201504,3281.25,420000.0,01 TO 03,PASIR RIS ST 71,PASIR RIS
4,114,777,Improved,5 ROOM,128.0,1996,Apr-15,201504,3281.25,420000.0,01 TO 03,PASIR RIS ST 71,PASIR RIS
4,115,777,Improved,5 ROOM,128.0,1996,Apr-15,201504,3281.25,420000.0,01 TO 03,PASIR RIS ST 71,PASIR RIS
4,116,777,Improved,5 ROOM,128.0,1996,Apr-15,201504,3281.25,420000.0,01 TO 03,PASIR RIS ST 71,PASIR RIS
4,117,777,Improved,5 ROOM,128.0,1996,Apr-15,201504,3281.25,420000.0,01 TO 03,PASIR RIS ST 71,PASIR RIS
4,118,777,Improved,5 ROOM,128.0,1996,Apr-15,201504,3281.25,420000.0,01 TO 03,PASIR RIS ST 71,PASIR RIS
4,119,777,Improved,5 ROOM,128.0,1996,Apr-15,201504,3281.25,420000.0,01 TO 03,PASIR RIS ST 71,PASIR RIS
4,120,777,Improved,5 ROOM,128.0,1996,Apr-15,201504,3281.25,420000.0,01 TO 03,PASIR RIS ST 71,PASIR RIS
4,121,777,Improved,5 ROOM,128.0,1996,Apr-15,201504,3281.25,420000.0,01 TO 03,PASIR RIS ST 71,PASIR RIS
4,122,777,Improved,5 ROOM,128.0,1996,Apr-15,201504,3281.25,420000.0,01 TO 03,PASIR RIS ST 71,PASIR RIS
4,123,777,Improved,5 ROOM,128.0,1996,Apr-15,201504,3281.25,420000.0,01 TO 03,PASIR RIS ST 71,PASIR RIS
4,124,777,Improved,5 ROOM,128.0,1996,Apr-15,201504,3281.25,420000.0,01 TO 03,PASIR RIS ST 71,PASIR RIS
4,125,777,Improved,5 ROOM,128.0,1996,Apr-15,201504,3281.25,420000.0,01 TO 03,PASIR RIS ST 71,PASIR RIS
4,126,777,Improved,5 ROOM,128.0,1996,Apr-15,201504,3281.25,420000.0,01 TO 03,PASIR RIS ST 71,PASIR RIS
4,127,777,Improved,5 ROOM,128.0,1996,Apr-15,201504,3281.25,420000.0,01 TO 03,PASIR RIS ST 71,PASIR RIS
4,128,777,Improved,5 ROOM,128.0,1996,Apr-15,201504,3281.25,420000.0,01 TO 03,PASIR RIS ST 71,PASIR RIS
4,129,226,Model A,5 ROOM,137.0,1993,Apr-15,201504,3357.66,460000.0,01 TO 03,PASIR RIS ST 21,PASIR RIS
4,130,226,Model A,5 ROOM,137.0,1993,Apr-15,201504,3357.66,460000.0,01 TO 03,PASIR RIS ST 21,PASIR RIS
4,131,226,Model A,5 ROOM,137.0,1993,Apr-15,201504,3357.66,460000.0,01 TO 03,PASIR RIS ST 21,PASIR RIS
4,132,226,Model A,5 ROOM,137.0,1993,Apr-15,201504,3357.66,460000.0,01 TO 03,PASIR RIS ST 21,PASIR RIS
4,133,226,Model A,5 ROOM,137.0,1993,Apr-15,201504,3357.66,460000.0,01 TO 03,PASIR RIS ST 21,PASIR RIS
4,134,226,Model A,5 ROOM,137.0,1993,Apr-15,201504,3357.66,460000.0,01 TO 03,PASIR RIS ST 21,PASIR RIS
4,135,226,Model A,5 ROOM,137.0,1993,Apr-15,201504,3357.66,460000.0,01 TO 03,PASIR RIS ST 21,PASIR RIS
4,136,226,Model A,5 ROOM,137.0,1993,Apr-15,201504,3357.66,460000.0,01 TO 03,PASIR RIS ST 21,PASIR RIS
4,137,226,Model A,5 ROOM,137.0,1993,Apr-15,201504,3357.66,460000.0,01 TO 03,PASIR RIS ST 21,PASIR RIS
4,138,271,Apartment,EXECUTIVE,146.0,1994,May-15,201505,3390.41,495000.0,04 TO 06,PASIR RIS ST 21,PASIR RIS
4,139,271,Apartment,EXECUTIVE,146.0,1994,May-15,201505,3390.41,495000.0,04 TO 06,PASIR RIS ST 21,PASIR RIS
4,140,271,Apartment,EXECUTIVE,146.0,1994,May-15,201505,3390.41,495000.0,04 TO 06,PASIR RIS ST 21,PASIR RIS
4,141,271,Apartment,EXECUTIVE,146.0,1994,May-15,201505,3390.41,495000.0,04 TO 06,PASIR RIS ST 21,PASIR RIS
4,142,271,Apartment,EXECUTIVE,146.0,1994,May-15,201505,3390.41,495000.0,04 TO 06,PASIR RIS ST 21,PASIR RIS
4,143,271,Apartment,EXECUTIVE,146.0,1994,May-15,201505,3390.41,495000.0,04 TO 06,PASIR RIS ST 21,PASIR RIS
4,144,271,Apartment,EXECUTIVE,146.0,1994,May-15,201505,3390.41,495000.0,04 TO 06,PASIR RIS ST 21,PASIR RIS
4,145,271,Apartment,EXECUTIVE,146.0,1994,May-15,201505,3390.41,495000.0,04 TO 06,PASIR RIS ST 21,PASIR RIS
4,146,271,Apartment,EXECUTIVE,146.0,1994,May-15,201505,3390.41,495000.0,04 TO 06,PASIR RIS ST 21,PASIR RIS
4,147,240,Apartment,EXECUTIVE,150.0,1993,Feb-15,201502,3500.0,525000.0,01 TO 03,PASIR RIS ST 21,PASIR RIS
4,148,240,Apartment,EXECUTIVE,150.0,1993,Feb-15,201502,3500.0,525000.0,01 TO 03,PASIR RIS ST 21,PASIR RIS
4,149,240,Apartment,EXECUTIVE,150.0,1993,Feb-15,201502,3500.0,525000.0,01 TO 03,PASIR RIS ST 21,PASIR RIS
4,150,240,Apartment,EXECUTIVE,150.0,1993,Feb-15,201502,3500.0,525000.0,01 TO 03,PASIR RIS ST 21,PASIR RIS
5,80,753,Improved,5 ROOM,128.0,1996,Jun-15,201506,3046.88,390000.0,01 TO 03,PASIR RIS ST 71,PASIR RIS
5,81,753,Improved,5 ROOM,128.0,1996,Jun-15,201506,3046.88,390000.0,01 TO 03,PASIR RIS ST 71,PASIR RIS
5,82,753,Improved,5 ROOM,128.0,1996,Jun-15,201506,3046.88,390000.0,01 TO 03,PASIR RIS ST 71,PASIR RIS
5,83,753,Improved,5 ROOM,128.0,1996,Jun-15,201506,3046.88,390000.0,01 TO 03,PASIR RIS ST 71,PASIR RIS
5,84,753,Improved,5 ROOM,128.0,1996,Jun-15,201506,3046.88,390000.0,01 TO 03,PASIR RIS ST 71,PASIR RIS
5,85,753,Improved,5 ROOM,128.0,1996,Jun-15,201506,3046.88,390000.0,01 TO 03,PASIR RIS ST 71,PASIR RIS
5,86,753,Improved,5 ROOM,128.0,1996,Jun-15,201506,3046.88,390000.0,01 TO 03,PASIR RIS ST 71,PASIR RIS
5,87,753,Improved,5 ROOM,128.0,1996,Jun-15,201506,3046.88,390000.0,01 TO 03,PASIR RIS ST 71,PASIR RIS
5,88,753,Improved,5 ROOM,128.0,1996,Jun-15,201506,3046.88,390000.0,01 TO 03,PASIR RIS ST 71,PASIR RIS
5,89,753,Improved,5 ROOM,128.0,1996,Jun-15,201506,3046.88,390000.0,01 TO 03,PASIR RIS ST 71,PASIR RIS
5,90,753,Improved,5 ROOM,128.0,1996,Jun-15,201506,3046.88,390000.0,01 TO 03,PASIR RIS ST 71,PASIR RIS
5,91,753,Improved,5 ROOM,128.0,1996,Jun-15,201506,3046.88,390000.0,01 TO 03,PASIR RIS ST 71,PASIR RIS
5,92,753,Improved,5 ROOM,128.0,1996,Jun-15,201506,3046.88,390000.0,01 TO 03,PASIR RIS ST 71,PASIR RIS
5,93,753,Improved,5 ROOM,128.0,1996,Jun-15,201506,3046.88,390000.0,01 TO 03,PASIR RIS ST 71,PASIR RIS
5,94,753,Improved,5 ROOM,128.0,1996,Jun-15,201506,3046.88,390000.0,01 TO 03,PASIR RIS ST 71,PASIR RIS
5,95,753,Improved,5 ROOM,128.0,1996,Jun-15,201506,3046.88,390000.0,01 TO 03,PASIR RIS ST 71,PASIR RIS
5,96,753,Improved,5 ROOM,128.0,1996,Jun-15,201506,3046.88,390000.0,01 TO 03,PASIR RIS ST 71,PASIR RIS
5,97,753,Improved,5 ROOM,128.0,1996,Jun-15,201506,3046.88,390000.0,01 TO 03,PASIR RIS ST 71,PASIR RIS
5,98,753,Improved,5 ROOM,128.0,1996,Jun-15,201506,3046.88,390000.0,01 TO 03,PASIR RIS ST 71,PASIR RIS
5,99,753,Improved,5 ROOM,128.0,1996,Jun-15,201506,3046.88,390000.0,01 TO 03,PASIR RIS ST 71,PASIR RIS
5,100,753,Improved,5 ROOM,128.0,1996,Jun-15,201506,3046.88,390000.0,01 TO 03,PASIR RIS ST 71,PASIR RIS
5,101,753,Improved,5 ROOM,128.0,1996,Jun-15,201506,3046.88,390000.0,01 TO 03,PASIR RIS ST 71,PASIR RIS
5,102,753,Improved,5 ROOM,128.0,1996,Jun-15,201506,3046.88,390000.0,01 TO 03,PASIR RIS ST 71,PASIR RIS
5,103,753,Improved,5 ROOM,128.0,1996,Jun-15,201506,3046.88,390000.0,01 TO 03,PASIR RIS ST 71,PASIR RIS
5,104,753,Improved,5 ROOM,128.0,1996,Jun-15,201506,3046.88,390000.0,01 TO 03,PASIR RIS ST 71,PASIR RIS
5,105,753,Improved,5 ROOM,128.0,1996,Jun-15,201506,3046.88,390000.0,01 TO 03,PASIR RIS ST 71,PASIR RIS
5,106,753,Improved,5 ROOM,128.0,1996,Jun-15,201506,3046.88,390000.0,01 TO 03,PASIR RIS ST 71,PASIR RIS
5,107,753,Improved,5 ROOM,128.0,1996,Jun-15,201506,3046.88,390000.0,01 TO 03,PASIR RIS ST 71,PASIR RIS
5,108,753,Improved,5 ROOM,128.0,1996,Jun-15,201506,3046.88,390000.0,01 TO 03,PASIR RIS ST 71,PASIR RIS
5,109,753,Improved,5 ROOM,128.0,1996,Jun-15,201506,3046.88,390000.0,01 TO 03,PASIR RIS ST 71,PASIR RIS
5,110,753,Improved,5 ROOM,128.0,1996,Jun-15,201506,3046.88,390000.0,01 TO 03,PASIR RIS ST 71,PASIR RIS
5,111,753,Improved,5 ROOM,128.0,1996,Jun-15,201506,3046.88,390000.0,01 TO 03,PASIR RIS ST 71,PASIR RIS
5,112,753,Improved,5 ROOM,128.0,1996,Jun-15,201506,3046.88,390000.0,01 TO 03,PASIR RIS ST 71,PASIR RIS
5,113,753,Improved,5 ROOM,128.0,1996,Jun-15,201506,3046.88,390000.0,01 TO 03,PASIR RIS ST 71,PASIR RIS
5,114,753,Improved,5 ROOM,128.0,1996,Jun-15,201506,3046.88,390000.0,01 TO 03,PASIR RIS ST 71,PASIR RIS
5,115,753,Improved,5 ROOM,128.0,1996,Jun-15,201506,3046.88,390000.0,01 TO 03,PASIR RIS ST 71,PASIR RIS
5,116,753,Improved,5 ROOM,128.0,1996,Jun-15,201506,3046.88,390000.0,01 TO 03,PASIR RIS ST 71,PASIR RIS
5,117,753,Improved,5 ROOM,128.0,1996,Jun-15,201506,3046.88,390000.0,01 TO 03,PASIR RIS ST 71,PASIR RIS
5,118,753,Improved,5 ROOM,128.0,1996,Jun-15,201506,3046.88,390000.0,01 TO 03,PASIR RIS ST 71,PASIR RIS
5,119,753,Improved,5 ROOM,128.0,1996,Jun-15,201506,3046.88,390000.0,01 TO 03,PASIR RIS ST 71,PASIR RIS
5,120,753,Improved,5 ROOM,128.0,1996,Jun-15,201506,3046.88,390000.0,01 TO 03,PASIR RIS ST 71,PASIR RIS
5,121,753,Improved,5 ROOM,128.0,1996,Jun-15,201506,3046.88,390000.0,01 TO 03,PASIR RIS ST 71,PASIR RIS
5,122,753,Improved,5 ROOM,128.0,1996,Jun-15,201506,3046.88,390000.0,01 TO 03,PASIR RIS ST 71,PASIR RIS
5,123,753,Improved,5 ROOM,128.0,1996,Jun-15,201506,3046.88,390000.0,01 TO 03,PASIR RIS ST 71,PASIR RIS
5,124,753,Improved,5 ROOM,128.0,1996,Jun-15,201506,3046.88,390000.0,01 TO 03,PASIR RIS ST 71,PASIR RIS
5,125,753,Improved,5 ROOM,128.0,1996,Jun-15,201506,3046.88,390000.0,01 TO 03,PASIR RIS ST 71,PASIR RIS
5,126,753,Improved,5 ROOM,128.0,1996,Jun-15,201506,3046.88,390000.0,01 TO 03,PASIR RIS ST 71,PASIR RIS
5,127,753,Improved,5 ROOM,128.0,1996,Jun-15,201506,3046.88,390000.0,01 TO 03,PASIR RIS ST 71,PASIR RIS
5,128,753,Improved,5 ROOM,128.0,1996,Jun-15,201506,3046.88,390000.0,01 TO 03,PASIR RIS ST 71,PASIR RIS
5,129,226,Model A,5 ROOM,137.0,1993,Apr-15,201504,3357.66,460000.0,01 TO 03,PASIR RIS ST 21,PASIR RIS
5,130,226,Model A,5 ROOM,137.0,1993,Apr-15,201504,3357.66,460000.0,01 TO 03,PASIR RIS ST 21,PASIR RIS
5,131,226,Model A,5 ROOM,137.0,1993,Apr-15,201504,3357.66,460000.0,01 TO 03,PASIR RIS ST 21,PASIR RIS
5,132,226,Model A,5 ROOM,137.0,1993,Apr-15,201504,3357.66,460000.0,01 TO 03,PASIR RIS ST 21,PASIR RIS
5,133,226,Model A,5 ROOM,137.0,1993,Apr-15,201504,3357.66,460000.0,01 TO 03,PASIR RIS ST 21,PASIR RIS
5,134,226,Model A,5 ROOM,137.0,1993,Apr-15,201504,3357.66,460000.0,01 TO 03,PASIR RIS ST 21,PASIR RIS
5,135,226,Model A,5 ROOM,137.0,1993,Apr-15,201504,3357.66,460000.0,01 TO 03,PASIR RIS ST 21,PASIR RIS
5,136,226,Model A,5 ROOM,137.0,1993,Apr-15,201504,3357.66,460000.0,01 TO 03,PASIR RIS ST 21,PASIR RIS
5,137,226,Model A,5 ROOM,137.0,1993,Apr-15,201504,3357.66,460000.0,01 TO 03,PASIR RIS ST 21,PASIR RIS
5,138,271,Apartment,EXECUTIVE,146.0,1994,May-15,201505,3390.41,495000.0,04 TO 06,PASIR RIS ST 21,PASIR RIS
5,139,271,Apartment,EXECUTIVE,146.0,1994,May-15,201505,3390.41,495000.0,04 TO 06,PASIR RIS ST 21,PASIR RIS
5,140,271,Apartment,EXECUTIVE,146.0,1994,May-15,201505,3390.41,495000.0,04 TO 06,PASIR RIS ST 21,PASIR RIS
5,141,271,Apartment,EXECUTIVE,146.0,1994,May-15,201505,3390.41,495000.0,04 TO 06,PASIR RIS ST 21,PASIR RIS
5,142,271,Apartment,EXECUTIVE,146.0,1994,May-15,201505,3390.41,495000.0,04 TO 06,PASIR RIS ST 21,PASIR RIS
5,143,271,Apartment,EXECUTIVE,146.0,1994,May-15,201505,3390.41,495000.0,04 TO 06,PASIR RIS ST 21,PASIR RIS
5,144,271,Apartment,EXECUTIVE,146.0,1994,May-15,201505,3390.41,495000.0,04 TO 06,PASIR RIS ST 21,PASIR RIS
5,145,271,Apartment,EXECUTIVE,146.0,1994,May-15,201505,3390.41,495000.0,04 TO 06,PASIR RIS ST 21,PASIR RIS
5,146,271,Apartment,EXECUTIVE,146.0,1994,May-15,201505,3390.41,495000.0,04 TO 06,PASIR RIS ST 21,PASIR RIS
5,147,240,Apartment,EXECUTIVE,150.0,1993,Feb-15,201502,3500.0,525000.0,01 TO 03,PASIR RIS ST 21,PASIR RIS
5,148,240,Apartment,EXECUTIVE,150.0,1993,Feb-15,201502,3500.0,525000.0,01 TO 03,PASIR RIS ST 21,PASIR RIS
5,149,240,Apartment,EXECUTIVE,150.0,1993,Feb-15,201502,3500.0,525000.0,01 TO 03,PASIR RIS ST 21,PASIR RIS
5,150,240,Apartment,EXECUTIVE,150.0,1993,Feb-15,201502,3500.0,525000.0,01 TO 03,PASIR RIS ST 21,PASIR RIS
6,80,753,Improved,5 ROOM,128.0,1996,Jun-15,201506,3046.88,390000.0,01 TO 03,PASIR RIS ST 71,PASIR RIS
6,81,753,Improved,5 ROOM,128.0,1996,Jun-15,201506,3046.88,390000.0,01 TO 03,PASIR RIS ST 71,PASIR RIS
6,82,753,Improved,5 ROOM,128.0,1996,Jun-15,201506,3046.88,390000.0,01 TO 03,PASIR RIS ST 71,PASIR RIS
6,83,753,Improved,5 ROOM,128.0,1996,Jun-15,201506,3046.88,390000.0,01 TO 03,PASIR RIS ST 71,PASIR RIS
6,84,753,Improved,5 ROOM,128.0,1996,Jun-15,201506,3046.88,390000.0,01 TO 03,PASIR RIS ST 71,PASIR RIS
6,85,753,Improved,5 ROOM,128.0,1996,Jun-15,201506,3046.88,390000.0,01 TO 03,PASIR RIS ST 71,PASIR RIS
6,86,753,Improved,5 ROOM,128.0,1996,Jun-15,201506,3046.88,390000.0,01 TO 03,PASIR RIS ST 71,PASIR RIS
6,87,753,Improved,5 ROOM,128.0,1996,Jun-15,201506,3046.88,390000.0,01 TO 03,PASIR RIS ST 71,PASIR RIS
6,88,753,Improved,5 ROOM,128.0,1996,Jun-15,201506,3046.88,390000.0,01 TO 03,PASIR RIS ST 71,PASIR RIS
6,89,753,Improved,5 ROOM,128.0,1996,Jun-15,201506,3046.88,390000.0,01 TO 03,PASIR RIS ST 71,PASIR RIS
6,90,753,Improved,5 ROOM,128.0,1996,Jun-15,201506,3046.88,390000.0,01 TO 03,PASIR RIS ST 71,PASIR RIS
6,91,753,Improved,5 ROOM,128.0,1996,Jun-15,201506,3046.88,390000.0,01 TO 03,PASIR RIS ST 71,PASIR RIS
6,92,753,Improved,5 ROOM,128.0,1996,Jun-15,201506,3046.88,390000.0,01 TO 03,PASIR RIS ST 71,PASIR RIS
6,93,753,Improved,5 ROOM,128.0,1996,Jun-15,201506,3046.88,390000.0,01 TO 03,PASIR RIS ST 71,PASIR RIS
6,94,753,Improved,5 ROOM,128.0,1996,Jun-15,201506,3046.88,390000.0,01 TO 03,PASIR RIS ST 71,PASIR RIS
6,95,753,Improved,5 ROOM,128.0,1996,Jun-15,201506,3046.88,390000.0,01 TO 03,PASIR RIS ST 71,PASIR RIS
6,96,753,Improved,5 ROOM,128.0,1996,Jun-15,201506,3046.88,390000.0,01 TO 03,PASIR RIS ST 71,PASIR RIS
6,97,753,Improved,5 ROOM,128.0,1996,Jun-15,201506,3046.88,390000.0,01 TO 03,PASIR RIS ST 71,PASIR RIS
6,98,753,Improved,5 ROOM,128.0,1996,Jun-15,201506,3046.88,390000.0,01 TO 03,PASIR RIS ST 71,PASIR RIS
6,99,753,Improved,5 ROOM,128.0,1996,Jun-15,201506,3046.88,390000.0,01 TO 03,PASIR RIS ST 71,PASIR RIS
6,100,753,Improved,5 ROOM,128.0,1996,Jun-15,201506,3046.88,390000.0,01 TO 03,PASIR RIS ST 71,PASIR RIS
6,101,753,Improved,5 ROOM,128.0,1996,Jun-15,201506,3046.88,390000.0,01 TO 03,PASIR RIS ST 71,PASIR RIS
6,102,753,Improved,5 ROOM,128.0,1996,Jun-15,201506,3046.88,390000.0,01 TO 03,PASIR RIS ST 71,PASIR RIS
6,103,753,Improved,5 ROOM,128.0,1996,Jun-15,201506,3046.88,390000.0,01 TO 03,PASIR RIS ST 71,PASIR RIS
6,104,753,Improved,5 ROOM,128.0,1996,Jun-15,201506,3046.88,390000.0,01 TO 03,PASIR RIS ST 71,PASIR RIS
6,105,753,Improved,5 ROOM,128.0,1996,Jun-15,201506,3046.88,390000.0,01 TO 03,PASIR RIS ST 71,PASIR RIS
6,106,753,Improved,5 ROOM,128.0,1996,Jun-15,201506,3046.88,390000.0,01 TO 03,PASIR RIS ST 71,PASIR RIS
6,107,753,Improved,5 ROOM,128.0,1996,Jun-15,201506,3046.88,390000.0,01 TO 03,PASIR RIS ST 71,PASIR RIS
6,108,753,Improved,5 ROOM,128.0,1996,Jun-15,201506,3046.88,390000.0,01 TO 03,PASIR RIS ST 71,PASIR RIS
6,109,753,Improved,5 ROOM,128.0,1996,Jun-15,201506,3046.88,390000.0,01 TO 03,PASIR RIS ST 71,PASIR RIS
6,110,753,Improved,5 ROOM,128.0,1996,Jun-15,201506,3046.88,390000.0,01 TO 03,PASIR RIS ST 71,PASIR RIS
6,111,753,Improved,5 ROOM,128.0,1996,Jun-15,201506,3046.88,390000.0,01 TO 03,PASIR RIS ST 71,PASIR RIS
6,112,753,Improved,5 ROOM,128.0,1996,Jun-15,201506,3046.88,390000.0,01 TO 03,PASIR RIS ST 71,PASIR RIS
6,113,753,Improved,5 ROOM,128.0,1996,Jun-15,201506,3046.88,390000.0,01 TO 03,PASIR RIS ST 71,PASIR RIS
6,114,753,Improved,5 ROOM,128.0,1996,Jun-15,201506,3046.88,390000.0,01 TO 03,PASIR RIS ST 71,PASIR RIS
6,115,753,Improved,5 ROOM,128.0,1996,Jun-15,201506,3046.88,390000.0,01 TO 03,PASIR RIS ST 71,PASIR RIS
6,116,753,Improved,5 ROOM,128.0,1996,Jun-15,201506,3046.88,390000.0,01 TO 03,PASIR RIS ST 71,PASIR RIS
6,117,753,Improved,5 ROOM,128.0,1996,Jun-15,201506,3046.88,390000.0,01 TO 03,PASIR RIS ST 71,PASIR RIS
6,118,753,Improved,5 ROOM,128.0,1996,Jun-15,201506,3046.88,390000.0,01 TO 03,PASIR RIS ST 71,PASIR RIS
6,119,753,Improved,5 ROOM,128.0,1996,Jun-15,201506,3046.88,390000.0,01 TO 03,PASIR RIS ST 71,PASIR RIS
6,120,753,Improved,5 ROOM,128.0,1996,Jun-15,201506,3046.88,390000.0,01 TO 03,PASIR RIS ST 71,PASIR RIS
6,121,753,Improved,5 ROOM,128.0,1996,Jun-15,201506,3046.88,390000.0,01 TO 03,PASIR RIS ST 71,PASIR RIS
6,122,753,Improved,5 ROOM,128.0,1996,Jun-15,201506,3046.88,390000.0,01 TO 03,PASIR RIS ST 71,PASIR RIS
6,123,753,Improved,5 ROOM,128.0,1996,Jun-15,201506,3046.88,390000.0,01 TO 03,PASIR RIS ST 71,PASIR RIS
6,124,753,Improved,5 ROOM,128.0,1996,Jun-15,201506,3046.88,390000.0,01 TO 03,PASIR RIS ST 71,PASIR RIS
6,125,753,Improved,5 ROOM,128.0,1996,Jun-15,201506,3046.88,390000.0,01 TO 03,PASIR RIS ST 71,PASIR RIS
6,126,753,Improved,5 ROOM,128.0,1996,Jun-15,201506,3046.88,390000.0,01 TO 03,PASIR RIS ST 71,PASIR RIS
6,127,753,Improved,5 ROOM,128.0,1996,Jun-15,201506,3046.88,390000.0,01 TO 03,PASIR RIS ST 71,PASIR RIS
6,128,753,Improved,5 ROOM,128.0,1996,Jun-15,201506,3046.88,390000.0,01 TO 03,PASIR RIS ST 71,PASIR RIS
6,129,188,Model A,5 ROOM,140.0,1993,Jul-15,201507,3214.29,450000.0,01 TO 03,PASIR RIS ST 12,PASIR RIS
6,130,188,Model A,5 ROOM,140.0,1993,Jul-15,201507,3214.29,450000.0,01 TO 03,PASIR RIS ST 12,PASIR RIS
6,131,188,Model A,5 ROOM,140.0,1993,Jul-15,201507,3214.29,450000.0,01 TO 03,PASIR RIS ST 12,PASIR RIS
6,132,188,Model A,5 ROOM,140.0,1993,Jul-15,201507,3214.29,450000.0,01 TO 03,PASIR RIS ST 12,PASIR RIS
6,133,188,Model A,5 ROOM,140.0,1993,Jul-15,201507,3214.29,450000.0,01 TO 03,PASIR RIS ST 12,PASIR RIS
6,134,188,Model A,5 ROOM,140.0,1993,Jul-15,201507,3214.29,450000.0,01 TO 03,PASIR RIS ST 12,PASIR RIS
6,135,188,Model A,5 ROOM,140.0,1993,Jul-15,201507,3214.29,450000.0,01 TO 03,PASIR RIS ST 12,PASIR RIS
6,136,188,Model A,5 ROOM,140.0,1993,Jul-15,201507,3214.29,450000.0,01 TO 03,PASIR RIS ST 12,PASIR RIS
6,137,188,Model A,5 ROOM,140.0,1993,Jul-15,201507,3214.29,450000.0,01 TO 03,PASIR RIS ST 12,PASIR RIS
6,138,188,Model A,5 ROOM,140.0,1993,Jul-15,201507,3214.29,450000.0,01 TO 03,PASIR RIS ST 12,PASIR RIS
6,139,188,Model A,5 ROOM,140.0,1993,Jul-15,201507,3214.29,450000.0,01 TO 03,PASIR RIS ST 12,PASIR RIS
6,140,188,Model A,5 ROOM,140.0,1993,Jul-15,201507,3214.29,450000.0,01 TO 03,PASIR RIS ST 12,PASIR RIS
6,141,271,Apartment,EXECUTIVE,146.0,1994,May-15,201505,3390.41,495000.0,04 TO 06,PASIR RIS ST 21,PASIR RIS
6,142,271,Apartment,EXECUTIVE,146.0,1994,May-15,201505,3390.41,495000.0,04 TO 06,PASIR RIS ST 21,PASIR RIS
6,143,271,Apartment,EXECUTIVE,146.0,1994,May-15,201505,3390.41,495000.0,04 TO 06,PASIR RIS ST 21,PASIR RIS
6,144,271,Apartment,EXECUTIVE,146.0,1994,May-15,201505,3390.41,495000.0,04 TO 06,PASIR RIS ST 21,PASIR RIS
6,145,271,Apartment,EXECUTIVE,146.0,1994,May-15,201505,3390.41,495000.0,04 TO 06,PASIR RIS ST 21,PASIR RIS
6,146,271,Apartment,EXECUTIVE,146.0,1994,May-15,201505,3390.41,495000.0,04 TO 06,PASIR RIS ST 21,PASIR RIS
6,147,240,Apartment,EXECUTIVE,150.0,1993,Feb-15,201502,3500.0,525000.0,01 TO 03,PASIR RIS ST 21,PASIR RIS
6,148,240,Apartment,EXECUTIVE,150.0,1993,Feb-15,201502,3500.0,525000.0,01 TO 03,PASIR RIS ST 21,PASIR RIS
6,149,240,Apartment,EXECUTIVE,150.0,1993,Feb-15,201502,3500.0,525000.0,01 TO 03,PASIR RIS ST 21,PASIR RIS
6,150,240,Apartment,EXECUTIVE,150.0,1993,Feb-15,201502,3500.0,525000.0,01 TO 03,PASIR RIS ST 21,PASIR RIS
7,80,753,Improved,5 ROOM,128.0,1996,Jun-15,201506,3046.88,390000.0,01 TO 03,PASIR RIS ST 71,PASIR RIS
7,81,753,Improved,5 ROOM,128.0,1996,Jun-15,201506,3046.88,390000.0,01 TO 03,PASIR RIS ST 71,PASIR RIS
7,82,753,Improved,5 ROOM,128.0,1996,Jun-15,201506,3046.88,390000.0,01 TO 03,PASIR RIS ST 71,PASIR RIS
7,83,753,Improved,5 ROOM,128.0,1996,Jun-15,201506,3046.88,390000.0,01 TO 03,PASIR RIS ST 71,PASIR RIS
7,84,753,Improved,5 ROOM,128.0,1996,Jun-15,201506,3046.88,390000.0,01 TO 03,PASIR RIS ST 71,PASIR RIS
7,85,753,Improved,5 ROOM,128.0,1996,Jun-15,201506,3046.88,390000.0,01 TO 03,PASIR RIS ST 71,PASIR RIS
7,86,753,Improved,5 ROOM,128.0,1996,Jun-15,201506,3046.88,390000.0,01 TO 03,PASIR RIS ST 71,PASIR RIS
7,87,753,Improved,5 ROOM,128.0,1996,Jun-15,201506,3046.88,390000.0,01 TO 03,PASIR RIS ST 71,PASIR RIS
7,88,753,Improved,5 ROOM,128.0,1996,Jun-15,201506,3046.88,390000.0,01 TO 03,PASIR RIS ST 71,PASIR RIS
7,89,753,Improved,5 ROOM,128.0,1996,Jun-15,201506,3046.88,390000.0,01 TO 03,PASIR RIS ST 71,PASIR RIS
7,90,753,Improved,5 ROOM,128.0,1996,Jun-15,201506,3046.88,390000.0,01 TO 03,PASIR RIS ST 71,PASIR RIS
7,91,753,Improved,5 ROOM,128.0,1996,Jun-15,201506,3046.88,390000.0,01 TO 03,PASIR RIS ST 71,PASIR RIS
7,92,753,Improved,5 ROOM,128.0,1996,Jun-15,201506,3046.88,390000.0,01 TO 03,PASIR RIS ST 71,PASIR RIS
7,93,753,Improved,5 ROOM,128.0,1996,Jun-15,201506,3046.88,390000.0,01 TO 03,PASIR RIS ST 71,PASIR RIS
7,94,753,Improved,5 ROOM,128.0,1996,Jun-15,201506,3046.88,390000.0,01 TO 03,PASIR RIS ST 71,PASIR RIS
7,95,753,Improved,5 ROOM,128.0,1996,Jun-15,201506,3046.88,390000.0,01 TO 03,PASIR RIS ST 71,PASIR RIS
7,96,753,Improved,5 ROOM,128.0,1996,Jun-15,201506,3046.88,390000.0,01 TO 03,PASIR RIS ST 71,PASIR RIS
7,97,753,Improved,5 ROOM,128.0,1996,Jun-15,201506,3046.88,390000.0,01 TO 03,PASIR RIS ST 71,PASIR RIS
7,98,753,Improved,5 ROOM,128.0,1996,Jun-15,201506,3046.88,390000.0,01 TO 03,PASIR RIS ST 71,PASIR RIS
7,99,753,Improved,5 ROOM,128.0,1996,Jun-15,201506,3046.88,390000.0,01 TO 03,PASIR RIS ST 71,PASIR RIS
7,100,753,Improved,5 ROOM,128.0,1996,Jun-15,201506,3046.88,390000.0,01 TO 03,PASIR RIS ST 71,PASIR RIS
7,101,753,Improved,5 ROOM,128.0,1996,Jun-15,201506,3046.88,390000.0,01 TO 03,PASIR RIS ST 71,PASIR RIS
7,102,753,Improved,5 ROOM,128.0,1996,Jun-15,201506,3046.88,390000.0,01 TO 03,PASIR RIS ST 71,PASIR RIS
7,103,753,Improved,5 ROOM,128.0,1996,Jun-15,201506,3046.88,390000.0,01 TO 03,PASIR RIS ST 71,PASIR RIS
7,104,753,Improved,5 ROOM,128.0,1996,Jun-15,201506,3046.88,390000.0,01 TO 03,PASIR RIS ST 71,PASIR RIS
7,105,753,Improved,5 ROOM,128.0,1996,Jun-15,201506,3046.88,390000.0,01 TO 03,PASIR RIS ST 71,PASIR RIS
7,106,753,Improved,5 ROOM,128.0,1996,Jun-15,201506,3046.88,390000.0,01 TO 03,PASIR RIS ST 71,PASIR RIS
7,107,753,Improved,5 ROOM,128.0,1996,Jun-15,201506,3046.88,390000.0,01 TO 03,PASIR RIS ST 71,PASIR RIS
7,108,753,Improved,5 ROOM,128.0,1996,Jun-15,201506,3046.88,390000.0,01 TO 03,PASIR RIS ST 71,PASIR RIS
7,109,753,Improved,5 ROOM,128.0,1996,Jun-15,201506,3046.88,390000.0,01 TO 03,PASIR RIS ST 71,PASIR RIS
7,110,753,Improved,5 ROOM,128.0,1996,Jun-15,201506,3046.88,390000.0,01 TO 03,PASIR RIS ST 71,PASIR RIS
7,111,753,Improved,5 ROOM,128.0,1996,Jun-15,201506,3046.88,390000.0,01 TO 03,PASIR RIS ST 71,PASIR RIS
7,112,753,Improved,5 ROOM,128.0,1996,Jun-15,201506,3046.88,390000.0,01 TO 03,PASIR RIS ST 71,PASIR RIS
7,113,753,Improved,5 ROOM,128.0,1996,Jun-15,201506,3046.88,390000.0,01 TO 03,PASIR RIS ST 71,PASIR RIS
7,114,753,Improved,5 ROOM,128.0,1996,Jun-15,201506,3046.88,390000.0,01 TO 03,PASIR RIS ST 71,PASIR RIS
7,115,753,Improved,5 ROOM,128.0,1996,Jun-15,201506,3046.88,390000.0,01 TO 03,PASIR RIS ST 71,PASIR RIS
7,116,753,Improved,5 ROOM,128.0,1996,Jun-15,201506,3046.88,390000.0,01 TO 03,PASIR RIS ST 71,PASIR RIS
7,117,753,Improved,5 ROOM,128.0,1996,Jun-15,201506,3046.88,390000.0,01 TO 03,PASIR RIS ST 71,PASIR RIS
7,118,753,Improved,5 ROOM,128.0,1996,Jun-15,201506,3046.88,390000.0,01 TO 03,PASIR RIS ST 71,PASIR RIS
7,119,753,Improved,5 ROOM,128.0,1996,Jun-15,201506,3046.88,390000.0,01 TO 03,PASIR RIS ST 71,PASIR RIS
7,120,753,Improved,5 ROOM,128.0,1996,Jun-15,201506,3046.88,390000.0,01 TO 03,PASIR RIS ST 71,PASIR RIS
7,121,753,Improved,5 ROOM,128.0,1996,Jun-15,201506,3046.88,390000.0,01 TO 03,PASIR RIS ST 71,PASIR RIS
7,122,753,Improved,5 ROOM,128.0,1996,Jun-15,201506,3046.88,390000.0,01 TO 03,PASIR RIS ST 71,PASIR RIS
7,123,753,Improved,5 ROOM,128.0,1996,Jun-15,201506,3046.88,390000.0,01 TO 03,PASIR RIS ST 71,PASIR RIS
7,124,753,Improved,5 ROOM,128.0,1996,Jun-15,201506,3046.88,390000.0,01 TO 03,PASIR RIS ST 71,PASIR RIS
7,125,753,Improved,5 ROOM,128.0,1996,Jun-15,201506,3046.88,390000.0,01 TO 03,PASIR RIS ST 71,PASIR RIS
7,126,753,Improved,5 ROOM,128.0,1996,Jun-15,201506,3046.88,390000.0,01 TO 03,PASIR RIS ST 71,PASIR RIS
7,127,753,Improved,5 ROOM,128.0,1996,Jun-15,201506,3046.88,390000.0,01 TO 03,PASIR RIS ST 71,PASIR RIS
7,128,753,Improved,5 ROOM,128.0,1996,Jun-15,201506,3046.88,390000.0,01 TO 03,PASIR RIS ST 71,PASIR RIS
7,129,188,Model A,5 ROOM,140.0,1993,Jul-15,201507,3214.29,450000.0,01 TO 03,PASIR RIS ST 12,PASIR RIS
7,130,188,Model A,5 ROOM,140.0,1993,Jul-15,201507,3214.29,450000.0,01 TO 03,PASIR RIS ST 12,PASIR RIS
7,131,188,Model A,5 ROOM,140.0,1993,Jul-15,201507,3214.29,450000.0,01 TO 03,PASIR RIS ST 12,PASIR RIS
7,132,188,Model A,5 ROOM,140.0,1993,Jul-15,201507,3214.29,450000.0,01 TO 03,PASIR RIS ST 12,PASIR RIS
7,133,188,Model A,5 ROOM,140.0,1993,Jul-15,201507,3214.29,450000.0,01 TO 03,PASIR RIS ST 12,PASIR RIS
7,134,188,Model A,5 ROOM,140.0,1993,Jul-15,201507,3214.29,450000.0,01 TO 03,PASIR RIS ST 12,PASIR RIS
7,135,188,Model A,5 ROOM,140.0,1993,Jul-15,201507,3214.29,450000.0,01 TO 03,PASIR RIS ST 12,PASIR RIS
7,136,188,Model A,5 ROOM,140.0,1993,Jul-15,201507,3214.29,450000.0,01 TO 03,PASIR RIS ST 12,PASIR RIS
7,137,188,Model A,5 ROOM,140.0,1993,Jul-15,201507,3214.29,450000.0,01 TO 03,PASIR RIS ST 12,PASIR RIS
7,138,188,Model A,5 ROOM,140.0,1993,Jul-15,201507,3214.29,450000.0,01 TO 03,PASIR RIS ST 12,PASIR RIS
7,139,188,Model A,5 ROOM,140.0,1993,Jul-15,201507,3214.29,450000.0,01 TO 03,PASIR RIS ST 12,PASIR RIS
7,140,188,Model A,5 ROOM,140.0,1993,Jul-15,201507,3214.29,450000.0,01 TO 03,PASIR RIS ST 12,PASIR RIS
7,141,271,Apartment,EXECUTIVE,146.0,1994,May-15,201505,3390.41,495000.0,04 TO 06,PASIR RIS ST 21,PASIR RIS
7,142,271,Apartment,EXECUTIVE,146.0,1994,May-15,201505,3390.41,495000.0,04 TO 06,PASIR RIS ST 21,PASIR RIS
7,143,271,Apartment,EXECUTIVE,146.0,1994,May-15,201505,3390.41,495000.0,04 TO 06,PASIR RIS ST 21,PASIR RIS
7,144,271,Apartment,EXECUTIVE,146.0,1994,May-15,201505,3390.41,495000.0,04 TO 06,PASIR RIS ST 21,PASIR RIS
7,145,271,Apartment,EXECUTIVE,146.0,1994,May-15,201505,3390.41,495000.0,04 TO 06,PASIR RIS ST 21,PASIR RIS
7,146,271,Apartment,EXECUTIVE,146.0,1994,May-15,201505,3390.41,495000.0,04 TO 06,PASIR RIS ST 21,PASIR RIS
7,147,240,Apartment,EXECUTIVE,150.0,1993,Feb-15,201502,3500.0,525000.0,01 TO 03,PASIR RIS ST 21,PASIR RIS
7,148,240,Apartment,EXECUTIVE,150.0,1993,Feb-15,201502,3500.0,525000.0,01 TO 03,PASIR RIS ST 21,PASIR RIS
7,149,240,Apartment,EXECUTIVE,150.0,1993,Feb-15,201502,3500.0,525000.0,01 TO 03,PASIR RIS ST 21,PASIR RIS
7,150,240,Apartment,EXECUTIVE,150.0,1993,Feb-15,201502,3500.0,525000.0,01 TO 03,PASIR RIS ST 21,PASIR RIS
8,80,753,Improved,5 ROOM,128.0,1996,Jun-15,201506,3046.88,390000.0,01 TO 03,PASIR RIS ST 71,PASIR RIS
8,81,753,Improved,5 ROOM,128.0,1996,Jun-15,201506,3046.88,390000.0,01 TO 03,PASIR RIS ST 71,PASIR RIS
8,82,753,Improved,5 ROOM,128.0,1996,Jun-15,201506,3046.88,390000.0,01 TO 03,PASIR RIS ST 71,PASIR RIS
8,83,753,Improved,5 ROOM,128.0,1996,Jun-15,201506,3046.88,390000.0,01 TO 03,PASIR RIS ST 71,PASIR RIS
8,84,753,Improved,5 ROOM,128.0,1996,Jun-15,201506,3046.88,390000.0,01 TO 03,PASIR RIS ST 71,PASIR RIS
8,85,753,Improved,5 ROOM,128.0,1996,Jun-15,201506,3046.88,390000.0,01 TO 03,PASIR RIS ST 71,PASIR RIS
8,86,753,Improved,5 ROOM,128.0,1996,Jun-15,201506,3046.88,390000.0,01 TO 03,PASIR RIS ST 71,PASIR RIS
8,87,753,Improved,5 ROOM,128.0,1996,Jun-15,201506,3046.88,390000.0,01 TO 03,PASIR RIS ST 71,PASIR RIS
8,88,753,Improved,5 ROOM,128.0,1996,Jun-15,201506,3046.88,390000.0,01 TO 03,PASIR RIS ST 71,PASIR RIS
8,89,753,Improved,5 ROOM,128.0,1996,Jun-15,201506,3046.88,390000.0,01 TO 03,PASIR RIS ST 71,PASIR RIS
8,90,753,Improved,5 ROOM,128.0,1996,Jun-15,201506,3046.88,390000.0,01 TO 03,PASIR RIS ST 71,PASIR RIS
8,91,753,Improved,5 ROOM,128.0,1996,Jun-15,201506,3046.88,390000.0,01 TO 03,PASIR RIS ST 71,PASIR RIS
8,92,753,Improved,5 ROOM,128.0,1996,Jun-15,201506,3046.88,390000.0,01 TO 03,PASIR RIS ST 71,PASIR RIS
8,93,753,Improved,5 ROOM,128.0,1996,Jun-15,201506,3046.88,390000.0,01 TO 03,PASIR RIS ST 71,PASIR RIS
8,94,753,Improved,5 ROOM,128.0,1996,Jun-15,201506,3046.88,390000.0,01 TO 03,PASIR RIS ST 71,PASIR RIS
8,95,753,Improved,5 ROOM,128.0,1996,Jun-15,201506,3046.88,390000.0,01 TO 03,PASIR RIS ST 71,PASIR RIS
8,96,753,Improved,5 ROOM,128.0,1996,Jun-15,201506,3046.88,390000.0,01 TO 03,PASIR RIS ST 71,PASIR RIS
8,97,753,Improved,5 ROOM,128.0,1996,Jun-15,201506,3046.88,390000.0,01 TO 03,PASIR RIS ST 71,PASIR RIS
8,98,753,Improved,5 ROOM,128.0,1996,Jun-15,201506,3046.88,390000.0,01 TO 03,PASIR RIS ST 71,PASIR RIS
8,99,753,Improved,5 ROOM,128.0,1996,Jun-15,201506,3046.88,390000.0,01 TO 03,PASIR RIS ST 71,PASIR RIS
8,100,753,Improved,5 ROOM,128.0,1996,Jun-15,201506,3046.88,390000.0,01 TO 03,PASIR RIS ST 71,PASIR RIS
8,101,753,Improved,5 ROOM,128.0,1996,Jun-15,201506,3046.88,390000.0,01 TO 03,PASIR RIS ST 71,PASIR RIS
8,102,753,Improved,5 ROOM,128.0,1996,Jun-15,201506,3046.88,390000.0,01 TO 03,PASIR RIS ST 71,PASIR RIS
8,103,753,Improved,5 ROOM,128.0,1996,Jun-15,201506,3046.88,390000.0,01 TO 03,PASIR RIS ST 71,PASIR RIS
8,104,753,Improved,5 ROOM,128.0,1996,Jun-15,201506,3046.88,390000.0,01 TO 03,PASIR RIS ST 71,PASIR RIS
8,105,753,Improved,5 ROOM,128.0,1996,Jun-15,201506,3046.88,390000.0,01 TO 03,PASIR RIS ST 71,PASIR RIS
8,106,753,Improved,5 ROOM,128.0,1996,Jun-15,201506,3046.88,390000.0,01 TO 03,PASIR RIS ST 71,PASIR RIS
8,107,753,Improved,5 ROOM,128.0,1996,Jun-15,201506,3046.88,390000.0,01 TO 03,PASIR RIS ST 71,PASIR RIS
8,108,753,Improved,5 ROOM,128.0,1996,Jun-15,201506,3046.88,390000.0,01 TO 03,PASIR RIS ST 71,PASIR RIS
8,109,753,Improved,5 ROOM,128.0,1996,Jun-15,201506,3046.88,390000.0,01 TO 03,PASIR RIS ST 71,PASIR RIS
8,110,753,Improved,5 ROOM,128.0,1996,Jun-15,201506,3046.88,390000.0,01 TO 03,PASIR RIS ST 71,PASIR RIS
8,111,753,Improved,5 ROOM,128.0,1996,Jun-15,201506,3046.88,390000.0,01 TO 03,PASIR RIS ST 71,PASIR RIS
8,112,753,Improved,5 ROOM,128.0,1996,Jun-15,201506,3046.88,390000.0,01 TO 03,PASIR RIS ST 71,PASIR RIS
8,113,753,Improved,5 ROOM,128.0,1996,Jun-15,201506,3046.88,390000.0,01 TO 03,PASIR RIS ST 71,PASIR RIS
8,114,753,Improved,5 ROOM,128.0,1996,Jun-15,201506,3046.88,390000.0,01 TO 03,PASIR RIS ST 71,PASIR RIS
8,115,753,Improved,5 ROOM,128.0,1996,Jun-15,201506,3046.88,390000.0,01 TO 03,PASIR RIS ST 71,PASIR RIS
8,116,753,Improved,5 ROOM,128.0,1996,Jun-15,201506,3046.88,390000.0,01 TO 03,PASIR RIS ST 71,PASIR RIS
8,117,753,Improved,5 ROOM,128.0,1996,Jun-15,201506,3046.88,390000.0,01 TO 03,PASIR RIS ST 71,PASIR RIS
8,118,753,Improved,5 ROOM,128.0,1996,Jun-15,201506,3046.88,390000.0,01 TO 03,PASIR RIS ST 71,PASIR RIS
8,119,753,Improved,5 ROOM,128.0,1996,Jun-15,201506,3046.88,390000.0,01 TO 03,PASIR RIS ST 71,PASIR RIS
8,120,753,Improved,5 ROOM,128.0,1996,Jun-15,201506,3046.88,390000.0,01 TO 03,PASIR RIS ST 71,PASIR RIS
8,121,753,Improved,5 ROOM,128.0,1996,Jun-15,201506,3046.88,390000.0,01 TO 03,PASIR RIS ST 71,PASIR RIS
8,122,753,Improved,5 ROOM,128.0,1996,Jun-15,201506,3046.88,390000.0,01 TO 03,PASIR RIS ST 71,PASIR RIS
8,123,753,Improved,5 ROOM,128.0,1996,Jun-15,201506,3046.88,390000.0,01 TO 03,PASIR RIS ST 71,PASIR RIS
8,124,753,Improved,5 ROOM,128.0,1996,Jun-15,201506,3046.88,390000.0,01 TO 03,PASIR RIS ST 71,PASIR RIS
8,125,753,Improved,5 ROOM,128.0,1996,Jun-15,201506,3046.88,390000.0,01 TO 03,PASIR RIS ST 71,PASIR RIS
8,126,753,Improved,5 ROOM,128.0,1996,Jun-15,201506,3046.88,390000.0,01 TO 03,PASIR RIS ST 71,PASIR RIS
8,127,753,Improved,5 ROOM,128.0,1996,Jun-15,201506,3046.88,390000.0,01 TO 03,PASIR RIS ST 71,PASIR RIS
8,128,753,Improved,5 ROOM,128.0,1996,Jun-15,201506,3046.88,390000.0,01 TO 03,PASIR RIS ST 71,PASIR RIS
8,129,188,Model A,5 ROOM,140.0,1993,Jul-15,201507,3214.29,450000.0,01 TO 03,PASIR RIS ST 12,PASIR RIS
8,130,188,Model A,5 ROOM,140.0,1993,Jul-15,201507,3214.29,450000.0,01 TO 03,PASIR RIS ST 12,PASIR RIS
8,131,188,Model A,5 ROOM,140.0,1993,Jul-15,201507,3214.29,450000.0,01 TO 03,PASIR RIS ST 12,PASIR RIS
8,132,188,Model A,5 ROOM,140.0,1993,Jul-15,201507,3214.29,450000.0,01 TO 03,PASIR RIS ST 12,PASIR RIS
8,133,188,Model A,5 ROOM,140.0,1993,Jul-15,201507,3214.29,450000.0,01 TO 03,PASIR RIS ST 12,PASIR RIS
8,134,188,Model A,5 ROOM,140.0,1993,Jul-15,201507,3214.29,450000.0,01 TO 03,PASIR RIS ST 12,PASIR RIS
8,135,188,Model A,5 ROOM,140.0,1993,Jul-15,201507,3214.29,450000.0,01 TO 03,PASIR RIS ST 12,PASIR RIS
8,136,188,Model A,5 ROOM,140.0,1993,Jul-15,201507,3214.29,450000.0,01 TO 03,PASIR RIS ST 12,PASIR RIS
8,137,188,Model A,5 ROOM,140.0,1993,Jul-15,201507,3214.29,450000.0,01 TO 03,PASIR RIS ST 12,PASIR RIS
8,138,188,Model A,5 ROOM,140.0,1993,Jul-15,201507,3214.29,450000.0,01 TO 03,PASIR RIS ST 12,PASIR RIS
8,139,188,Model A,5 ROOM,140.0,1993,Jul-15,201507,3214.29,450000.0,01 TO 03,PASIR RIS ST 12,PASIR RIS
8,140,188,Model A,5 ROOM,140.0,1993,Jul-15,201507,3214.29,450000.0,01 TO 03,PASIR RIS ST 12,PASIR RIS
8,141,271,Apartment,EXECUTIVE,146.0,1994,May-15,201505,3390.41,495000.0,04 TO 06,PASIR RIS ST 21,PASIR RIS
8,142,271,Apartment,EXECUTIVE,146.0,1994,May-15,201505,3390.41,495000.0,04 TO 06,PASIR RIS ST 21,PASIR RIS
8,143,271,Apartment,EXECUTIVE,146.0,1994,May-15,201505,3390.41,495000.0,04 TO 06,PASIR RIS ST 21,PASIR RIS
8,144,271,Apartment,EXECUTIVE,146.0,1994,May-15,201505,3390.41,495000.0,04 TO 06,PASIR RIS ST 21,PASIR RIS
8,145,271,Apartment,EXECUTIVE,146.0,1994,May-15,201505,3390.41,495000.0,04 TO 06,PASIR RIS ST 21,PASIR RIS
8,146,271,Apartment,EXECUTIVE,146.0,1994,May-15,201505,3390.41,495000.0,04 TO 06,PASIR RIS ST 21,PASIR RIS
8,147,240,Apartment,EXECUTIVE,150.0,1993,Feb-15,201502,3500.0,525000.0,01 TO 03,PASIR RIS ST 21,PASIR RIS
8,148,240,Apartment,EXECUTIVE,150.0,1993,Feb-15,201502,3500.0,525000.0,01 TO 03,PASIR RIS ST 21,PASIR RIS
8,149,240,Apartment,EXECUTIVE,150.0,1993,Feb-15,201502,3500.0,525000.0,01 TO 03,PASIR RIS ST 21,PASIR RIS
8,150,240,Apartment,EXECUTIVE,150.0,1993,Feb-15,201502,3500.0,525000.0,01 TO 03,PASIR RIS ST 21,PASIR RIS
