"(x, y)",Year,Month,Town,Block,Floor_Area,Flat_Model,Lease_Commence_Date,Price_Per_Square_Meter
"(1, 80)",2016,02,PASIR RIS,149,126.0,Improved,1995,3413
"(1, 81)",2016,02,PASIR RIS,149,126.0,Improved,1995,3413
"(1, 82)",2016,02,PASIR RIS,149,126.0,Improved,1995,3413
"(1, 83)",2016,02,PASIR RIS,149,126.0,Improved,1995,3413
"(1, 84)",2016,02,PASIR RIS,149,126.0,Improved,1995,3413
"(1, 85)",2016,02,PASIR RIS,149,126.0,Improved,1995,3413
"(1, 86)",2016,02,PASIR RIS,149,126.0,Improved,1995,3413
"(1, 87)",2016,02,PASIR RIS,149,126.0,Improved,1995,3413
"(1, 88)",2016,02,PASIR RIS,149,126.0,Improved,1995,3413
"(1, 89)",2016,02,PASIR RIS,149,126.0,Improved,1995,3413
"(1, 90)",2016,02,PASIR RIS,149,126.0,Improved,1995,3413
"(1, 91)",2016,02,PASIR RIS,149,126.0,Improved,1995,3413
"(1, 92)",2016,02,PASIR RIS,149,126.0,Improved,1995,3413
"(1, 93)",2016,02,PASIR RIS,149,126.0,Improved,1995,3413
"(1, 94)",2016,02,PASIR RIS,149,126.0,Improved,1995,3413
"(1, 95)",2016,02,PASIR RIS,149,126.0,Improved,1995,3413
"(1, 96)",2016,02,PASIR RIS,149,126.0,Improved,1995,3413
"(1, 97)",2016,02,PASIR RIS,149,126.0,Improved,1995,3413
"(1, 98)",2016,02,PASIR RIS,149,126.0,Improved,1995,3413
"(1, 99)",2016,02,PASIR RIS,149,126.0,Improved,1995,3413
"(1, 100)",2016,02,PASIR RIS,149,126.0,Improved,1995,3413
"(1, 101)",2016,02,PASIR RIS,149,126.0,Improved,1995,3413
"(1, 102)",2016,02,PASIR RIS,149,126.0,Improved,1995,3413
"(1, 103)",2016,02,PASIR RIS,149,126.0,Improved,1995,3413
"(1, 104)",2016,02,PASIR RIS,149,126.0,Improved,1995,3413
"(1, 105)",2016,02,PASIR RIS,149,126.0,Improved,1995,3413
"(1, 106)",2016,02,PASIR RIS,149,126.0,Improved,1995,3413
"(1, 107)",2016,02,PASIR RIS,149,126.0,Improved,1995,3413
"(1, 108)",2016,02,PASIR RIS,149,126.0,Improved,1995,3413
"(1, 109)",2016,02,PASIR RIS,149,126.0,Improved,1995,3413
"(1, 110)",2016,02,PASIR RIS,149,126.0,Improved,1995,3413
"(1, 111)",2016,02,PASIR RIS,149,126.0,Improved,1995,3413
"(1, 112)",2016,02,PASIR RIS,149,126.0,Improved,1995,3413
"(1, 113)",2016,02,PASIR RIS,149,126.0,Improved,1995,3413
"(1, 114)",2016,02,PASIR RIS,149,126.0,Improved,1995,3413
"(1, 115)",2016,02,PASIR RIS,149,126.0,Improved,1995,3413
"(1, 116)",2016,02,PASIR RIS,149,126.0,Improved,1995,3413
"(1, 117)",2016,02,PASIR RIS,149,126.0,Improved,1995,3413
"(1, 118)",2016,02,PASIR RIS,149,126.0,Improved,1995,3413
"(1, 119)",2016,02,PASIR RIS,149,126.0,Improved,1995,3413
"(1, 120)",2016,02,PASIR RIS,149,126.0,Improved,1995,3413
"(1, 121)",2016,02,PASIR RIS,149,126.0,Improved,1995,3413
"(1, 122)",2016,02,PASIR RIS,149,126.0,Improved,1995,3413
"(1, 123)",2016,02,PASIR RIS,149,126.0,Improved,1995,3413
"(1, 124)",2016,02,PASIR RIS,149,126.0,Improved,1995,3413
"(1, 125)",2016,02,PASIR RIS,149,126.0,Improved,1995,3413
"(1, 126)",2016,02,PASIR RIS,149,126.0,Improved,1995,3413
"(1, 127)",2016,02,PASIR RIS,551,129.0,Improved,1992,3450
"(1, 128)",2016,02,PASIR RIS,551,129.0,Improved,1992,3450
"(1, 129)",2016,02,PASIR RIS,551,129.0,Improved,1992,3450
"(1, 130)",2016,02,PASIR RIS,244,145.0,Apartment,1993,3724
"(1, 131)",2016,02,PASIR RIS,244,145.0,Apartment,1993,3724
"(1, 132)",2016,02,PASIR RIS,244,145.0,Apartment,1993,3724
"(1, 133)",2016,02,PASIR RIS,244,145.0,Apartment,1993,3724
"(1, 134)",2016,02,PASIR RIS,244,145.0,Apartment,1993,3724
"(1, 135)",2016,02,PASIR RIS,244,145.0,Apartment,1993,3724
"(1, 136)",2016,02,PASIR RIS,244,145.0,Apartment,1993,3724
"(1, 137)",2016,02,PASIR RIS,244,145.0,Apartment,1993,3724
"(1, 138)",2016,02,PASIR RIS,244,145.0,Apartment,1993,3724
"(1, 139)",2016,02,PASIR RIS,244,145.0,Apartment,1993,3724
"(1, 140)",2016,02,PASIR RIS,244,145.0,Apartment,1993,3724
"(1, 141)",2016,02,PASIR RIS,244,145.0,Apartment,1993,3724
"(1, 142)",2016,02,PASIR RIS,244,145.0,Apartment,1993,3724
"(1, 143)",2016,02,PASIR RIS,244,145.0,Apartment,1993,3724
"(1, 144)",2016,02,PASIR RIS,244,145.0,Apartment,1993,3724
"(1, 145)",2016,02,PASIR RIS,244,145.0,Apartment,1993,3724
"(1, 146)",2016,02,PASIR RIS,645,149.0,Apartment,1995,3859
"(1, 147)",2016,02,PASIR RIS,645,149.0,Apartment,1995,3859
"(1, 148)",2016,02,PASIR RIS,645,149.0,Apartment,1995,3859
"(1, 149)",2016,02,PASIR RIS,645,149.0,Apartment,1995,3859
"(1, 150)",No result,,,,,,,
"(2, 80)",2016,02,PASIR RIS,149,126.0,Improved,1995,3413
"(2, 81)",2016,02,PASIR RIS,149,126.0,Improved,1995,3413
"(2, 82)",2016,02,PASIR RIS,149,126.0,Improved,1995,3413
"(2, 83)",2016,02,PASIR RIS,149,126.0,Improved,1995,3413
"(2, 84)",2016,02,PASIR RIS,149,126.0,Improved,1995,3413
"(2, 85)",2016,02,PASIR RIS,149,126.0,Improved,1995,3413
"(2, 86)",2016,02,PASIR RIS,149,126.0,Improved,1995,3413
"(2, 87)",2016,02,PASIR RIS,149,126.0,Improved,1995,3413
"(2, 88)",2016,02,PASIR RIS,149,126.0,Improved,1995,3413
"(2, 89)",2016,02,PASIR RIS,149,126.0,Improved,1995,3413
"(2, 90)",2016,02,PASIR RIS,149,126.0,Improved,1995,3413
"(2, 91)",2016,02,PASIR RIS,149,126.0,Improved,1995,3413
"(2, 92)",2016,02,PASIR RIS,149,126.0,Improved,1995,3413
"(2, 93)",2016,02,PASIR RIS,149,126.0,Improved,1995,3413
"(2, 94)",2016,02,PASIR RIS,149,126.0,Improved,1995,3413
"(2, 95)",2016,02,PASIR RIS,149,126.0,Improved,1995,3413
"(2, 96)",2016,02,PASIR RIS,149,126.0,Improved,1995,3413
"(2, 97)",2016,02,PASIR RIS,149,126.0,Improved,1995,3413
"(2, 98)",2016,02,PASIR RIS,149,126.0,Improved,1995,3413
"(2, 99)",2016,02,PASIR RIS,149,126.0,Improved,1995,3413
"(2, 100)",2016,02,PASIR RIS,149,126.0,Improved,1995,3413
"(2, 101)",2016,02,PASIR RIS,149,126.0,Improved,1995,3413
"(2, 102)",2016,02,PASIR RIS,149,126.0,Improved,1995,3413
"(2, 103)",2016,02,PASIR RIS,149,126.0,Improved,1995,3413
"(2, 104)",2016,02,PASIR RIS,149,126.0,Improved,1995,3413
"(2, 105)",2016,02,PASIR RIS,149,126.0,Improved,1995,3413
"(2, 106)",2016,02,PASIR RIS,149,126.0,Improved,1995,3413
"(2, 107)",2016,02,PASIR RIS,149,126.0,Improved,1995,3413
"(2, 108)",2016,02,PASIR RIS,149,126.0,Improved,1995,3413
"(2, 109)",2016,02,PASIR RIS,149,126.0,Improved,1995,3413
"(2, 110)",2016,02,PASIR RIS,149,126.0,Improved,1995,3413
"(2, 111)",2016,02,PASIR RIS,149,126.0,Improved,1995,3413
"(2, 112)",2016,02,PASIR RIS,149,126.0,Improved,1995,3413
"(2, 113)",2016,02,PASIR RIS,149,126.0,Improved,1995,3413
"(2, 114)",2016,02,PASIR RIS,149,126.0,Improved,1995,3413
"(2, 115)",2016,02,PASIR RIS,149,126.0,Improved,1995,3413
"(2, 116)",2016,02,PASIR RIS,149,126.0,Improved,1995,3413
"(2, 117)",2016,02,PASIR RIS,149,126.0,Improved,1995,3413
"(2, 118)",2016,02,PASIR RIS,149,126.0,Improved,1995,3413
"(2, 119)",2016,02,PASIR RIS,149,126.0,Improved,1995,3413
"(2, 120)",2016,02,PASIR RIS,149,126.0,Improved,1995,3413
"(2, 121)",2016,02,PASIR RIS,149,126.0,Improved,1995,3413
"(2, 122)",2016,02,PASIR RIS,149,126.0,Improved,1995,3413
"(2, 123)",2016,02,PASIR RIS,149,126.0,Improved,1995,3413
"(2, 124)",2016,02,PASIR RIS,149,126.0,Improved,1995,3413
"(2, 125)",2016,02,PASIR RIS,149,126.0,Improved,1995,3413
"(2, 126)",2016,02,PASIR RIS,149,126.0,Improved,1995,3413
"(2, 127)",2016,03,PASIR RIS,234,138.0,Model A,1993,3442
"(2, 128)",2016,03,PASIR RIS,234,138.0,Model A,1993,3442
"(2, 129)",2016,03,PASIR RIS,234,138.0,Model A,1993,3442
"(2, 130)",2016,03,PASIR RIS,234,138.0,Model A,1993,3442
"(2, 131)",2016,03,PASIR RIS,234,138.0,Model A,1993,3442
"(2, 132)",2016,03,PASIR RIS,234,138.0,Model A,1993,3442
"(2, 133)",2016,03,PASIR RIS,234,138.0,Model A,1993,3442
"(2, 134)",2016,03,PASIR RIS,234,138.0,Model A,1993,3442
"(2, 135)",2016,03,PASIR RIS,234,138.0,Model A,1993,3442
"(2, 136)",2016,03,PASIR RIS,234,138.0,Model A,1993,3442
"(2, 137)",2016,03,PASIR RIS,234,138.0,Model A,1993,3442
"(2, 138)",2016,03,PASIR RIS,234,138.0,Model A,1993,3442
"(2, 139)",2016,03,PASIR RIS,206,147.0,Apartment,1993,3483
"(2, 140)",2016,03,PASIR RIS,206,147.0,Apartment,1993,3483
"(2, 141)",2016,03,PASIR RIS,206,147.0,Apartment,1993,3483
"(2, 142)",2016,03,PASIR RIS,206,147.0,Apartment,1993,3483
"(2, 143)",2016,03,PASIR RIS,206,147.0,Apartment,1993,3483
"(2, 144)",2016,03,PASIR RIS,206,147.0,Apartment,1993,3483
"(2, 145)",2016,03,PASIR RIS,206,147.0,Apartment,1993,3483
"(2, 146)",2016,03,PASIR RIS,206,147.0,Apartment,1993,3483
"(2, 147)",2016,03,PASIR RIS,206,147.0,Apartment,1993,3483
"(2, 148)",2016,03,PASIR RIS,251,150.0,Apartment,1993,3753
"(2, 149)",2016,03,PASIR RIS,251,150.0,Apartment,1993,3753
"(2, 150)",2016,03,PASIR RIS,251,150.0,Apartment,1993,3753
"(3, 80)",2016,04,PASIR RIS,140,126.0,Improved,1994,3175
"(3, 81)",2016,04,PASIR RIS,140,126.0,Improved,1994,3175
"(3, 82)",2016,04,PASIR RIS,140,126.0,Improved,1994,3175
"(3, 83)",2016,04,PASIR RIS,140,126.0,Improved,1994,3175
"(3, 84)",2016,04,PASIR RIS,140,126.0,Improved,1994,3175
"(3, 85)",2016,04,PASIR RIS,140,126.0,Improved,1994,3175
"(3, 86)",2016,04,PASIR RIS,140,126.0,Improved,1994,3175
"(3, 87)",2016,04,PASIR RIS,140,126.0,Improved,1994,3175
"(3, 88)",2016,04,PASIR RIS,140,126.0,Improved,1994,3175
"(3, 89)",2016,04,PASIR RIS,140,126.0,Improved,1994,3175
"(3, 90)",2016,04,PASIR RIS,140,126.0,Improved,1994,3175
"(3, 91)",2016,04,PASIR RIS,140,126.0,Improved,1994,3175
"(3, 92)",2016,04,PASIR RIS,140,126.0,Improved,1994,3175
"(3, 93)",2016,04,PASIR RIS,140,126.0,Improved,1994,3175
"(3, 94)",2016,04,PASIR RIS,140,126.0,Improved,1994,3175
"(3, 95)",2016,04,PASIR RIS,140,126.0,Improved,1994,3175
"(3, 96)",2016,04,PASIR RIS,140,126.0,Improved,1994,3175
"(3, 97)",2016,04,PASIR RIS,140,126.0,Improved,1994,3175
"(3, 98)",2016,04,PASIR RIS,140,126.0,Improved,1994,3175
"(3, 99)",2016,04,PASIR RIS,140,126.0,Improved,1994,3175
"(3, 100)",2016,04,PASIR RIS,140,126.0,Improved,1994,3175
"(3, 101)",2016,04,PASIR RIS,140,126.0,Improved,1994,3175
"(3, 102)",2016,04,PASIR RIS,140,126.0,Improved,1994,3175
"(3, 103)",2016,04,PASIR RIS,140,126.0,Improved,1994,3175
"(3, 104)",2016,04,PASIR RIS,140,126.0,Improved,1994,3175
"(3, 105)",2016,04,PASIR RIS,140,126.0,Improved,1994,3175
"(3, 106)",2016,04,PASIR RIS,140,126.0,Improved,1994,3175
"(3, 107)",2016,04,PASIR RIS,140,126.0,Improved,1994,3175
"(3, 108)",2016,04,PASIR RIS,140,126.0,Improved,1994,3175
"(3, 109)",2016,04,PASIR RIS,140,126.0,Improved,1994,3175
"(3, 110)",2016,04,PASIR RIS,140,126.0,Improved,1994,3175
"(3, 111)",2016,04,PASIR RIS,140,126.0,Improved,1994,3175
"(3, 112)",2016,04,PASIR RIS,140,126.0,Improved,1994,3175
"(3, 113)",2016,04,PASIR RIS,140,126.0,Improved,1994,3175
"(3, 114)",2016,04,PASIR RIS,140,126.0,Improved,1994,3175
"(3, 115)",2016,04,PASIR RIS,140,126.0,Improved,1994,3175
"(3, 116)",2016,04,PASIR RIS,140,126.0,Improved,1994,3175
"(3, 117)",2016,04,PASIR RIS,140,126.0,Improved,1994,3175
"(3, 118)",2016,04,PASIR RIS,140,126.0,Improved,1994,3175
"(3, 119)",2016,04,PASIR RIS,140,126.0,Improved,1994,3175
"(3, 120)",2016,04,PASIR RIS,140,126.0,Improved,1994,3175
"(3, 121)",2016,04,PASIR RIS,140,126.0,Improved,1994,3175
"(3, 122)",2016,04,PASIR RIS,140,126.0,Improved,1994,3175
"(3, 123)",2016,04,PASIR RIS,140,126.0,Improved,1994,3175
"(3, 124)",2016,04,PASIR RIS,140,126.0,Improved,1994,3175
"(3, 125)",2016,04,PASIR RIS,140,126.0,Improved,1994,3175
"(3, 126)",2016,04,PASIR RIS,140,126.0,Improved,1994,3175
"(3, 127)",2016,04,PASIR RIS,140,136.0,Model A,1994,3419
"(3, 128)",2016,04,PASIR RIS,140,136.0,Model A,1994,3419
"(3, 129)",2016,04,PASIR RIS,140,136.0,Model A,1994,3419
"(3, 130)",2016,04,PASIR RIS,140,136.0,Model A,1994,3419
"(3, 131)",2016,04,PASIR RIS,140,136.0,Model A,1994,3419
"(3, 132)",2016,04,PASIR RIS,140,136.0,Model A,1994,3419
"(3, 133)",2016,04,PASIR RIS,140,136.0,Model A,1994,3419
"(3, 134)",2016,04,PASIR RIS,140,136.0,Model A,1994,3419
"(3, 135)",2016,04,PASIR RIS,140,136.0,Model A,1994,3419
"(3, 136)",2016,04,PASIR RIS,140,136.0,Model A,1994,3419
"(3, 137)",2016,03,PASIR RIS,234,138.0,Model A,1993,3442
"(3, 138)",2016,03,PASIR RIS,234,138.0,Model A,1993,3442
"(3, 139)",2016,03,PASIR RIS,206,147.0,Apartment,1993,3483
"(3, 140)",2016,03,PASIR RIS,206,147.0,Apartment,1993,3483
"(3, 141)",2016,03,PASIR RIS,206,147.0,Apartment,1993,3483
"(3, 142)",2016,03,PASIR RIS,206,147.0,Apartment,1993,3483
"(3, 143)",2016,03,PASIR RIS,206,147.0,Apartment,1993,3483
"(3, 144)",2016,03,PASIR RIS,206,147.0,Apartment,1993,3483
"(3, 145)",2016,03,PASIR RIS,206,147.0,Apartment,1993,3483
"(3, 146)",2016,03,PASIR RIS,206,147.0,Apartment,1993,3483
"(3, 147)",2016,03,PASIR RIS,206,147.0,Apartment,1993,3483
"(3, 148)",2016,03,PASIR RIS,251,150.0,Apartment,1993,3753
"(3, 149)",2016,03,PASIR RIS,251,150.0,Apartment,1993,3753
"(3, 150)",2016,03,PASIR RIS,251,150.0,Apartment,1993,3753
"(4, 80)",2016,04,PASIR RIS,140,126.0,Improved,1994,3175
"(4, 81)",2016,04,PASIR RIS,140,126.0,Improved,1994,3175
"(4, 82)",2016,04,PASIR RIS,140,126.0,Improved,1994,3175
"(4, 83)",2016,04,PASIR RIS,140,126.0,Improved,1994,3175
"(4, 84)",2016,04,PASIR RIS,140,126.0,Improved,1994,3175
"(4, 85)",2016,04,PASIR RIS,140,126.0,Improved,1994,3175
"(4, 86)",2016,04,PASIR RIS,140,126.0,Improved,1994,3175
"(4, 87)",2016,04,PASIR RIS,140,126.0,Improved,1994,3175
"(4, 88)",2016,04,PASIR RIS,140,126.0,Improved,1994,3175
"(4, 89)",2016,04,PASIR RIS,140,126.0,Improved,1994,3175
"(4, 90)",2016,04,PASIR RIS,140,126.0,Improved,1994,3175
"(4, 91)",2016,04,PASIR RIS,140,126.0,Improved,1994,3175
"(4, 92)",2016,04,PASIR RIS,140,126.0,Improved,1994,3175
"(4, 93)",2016,04,PASIR RIS,140,126.0,Improved,1994,3175
"(4, 94)",2016,04,PASIR RIS,140,126.0,Improved,1994,3175
"(4, 95)",2016,04,PASIR RIS,140,126.0,Improved,1994,3175
"(4, 96)",2016,04,PASIR RIS,140,126.0,Improved,1994,3175
"(4, 97)",2016,04,PASIR RIS,140,126.0,Improved,1994,3175
"(4, 98)",2016,04,PASIR RIS,140,126.0,Improved,1994,3175
"(4, 99)",2016,04,PASIR RIS,140,126.0,Improved,1994,3175
"(4, 100)",2016,04,PASIR RIS,140,126.0,Improved,1994,3175
"(4, 101)",2016,04,PASIR RIS,140,126.0,Improved,1994,3175
"(4, 102)",2016,04,PASIR RIS,140,126.0,Improved,1994,3175
"(4, 103)",2016,04,PASIR RIS,140,126.0,Improved,1994,3175
"(4, 104)",2016,04,PASIR RIS,140,126.0,Improved,1994,3175
"(4, 105)",2016,04,PASIR RIS,140,126.0,Improved,1994,3175
"(4, 106)",2016,04,PASIR RIS,140,126.0,Improved,1994,3175
"(4, 107)",2016,04,PASIR RIS,140,126.0,Improved,1994,3175
"(4, 108)",2016,04,PASIR RIS,140,126.0,Improved,1994,3175
"(4, 109)",2016,04,PASIR RIS,140,126.0,Improved,1994,3175
"(4, 110)",2016,04,PASIR RIS,140,126.0,Improved,1994,3175
"(4, 111)",2016,04,PASIR RIS,140,126.0,Improved,1994,3175
"(4, 112)",2016,04,PASIR RIS,140,126.0,Improved,1994,3175
"(4, 113)",2016,04,PASIR RIS,140,126.0,Improved,1994,3175
"(4, 114)",2016,04,PASIR RIS,140,126.0,Improved,1994,3175
"(4, 115)",2016,04,PASIR RIS,140,126.0,Improved,1994,3175
"(4, 116)",2016,04,PASIR RIS,140,126.0,Improved,1994,3175
"(4, 117)",2016,04,PASIR RIS,140,126.0,Improved,1994,3175
"(4, 118)",2016,04,PASIR RIS,140,126.0,Improved,1994,3175
"(4, 119)",2016,04,PASIR RIS,140,126.0,Improved,1994,3175
"(4, 120)",2016,04,PASIR RIS,140,126.0,Improved,1994,3175
"(4, 121)",2016,04,PASIR RIS,140,126.0,Improved,1994,3175
"(4, 122)",2016,04,PASIR RIS,140,126.0,Improved,1994,3175
"(4, 123)",2016,04,PASIR RIS,140,126.0,Improved,1994,3175
"(4, 124)",2016,04,PASIR RIS,140,126.0,Improved,1994,3175
"(4, 125)",2016,04,PASIR RIS,140,126.0,Improved,1994,3175
"(4, 126)",2016,04,PASIR RIS,140,126.0,Improved,1994,3175
"(4, 127)",2016,05,PASIR RIS,775,128.0,Improved,1996,3359
"(4, 128)",2016,05,PASIR RIS,775,128.0,Improved,1996,3359
"(4, 129)",2016,04,PASIR RIS,140,136.0,Model A,1994,3419
"(4, 130)",2016,04,PASIR RIS,140,136.0,Model A,1994,3419
"(4, 131)",2016,04,PASIR RIS,140,136.0,Model A,1994,3419
"(4, 132)",2016,04,PASIR RIS,140,136.0,Model A,1994,3419
"(4, 133)",2016,04,PASIR RIS,140,136.0,Model A,1994,3419
"(4, 134)",2016,04,PASIR RIS,140,136.0,Model A,1994,3419
"(4, 135)",2016,04,PASIR RIS,140,136.0,Model A,1994,3419
"(4, 136)",2016,04,PASIR RIS,140,136.0,Model A,1994,3419
"(4, 137)",2016,03,PASIR RIS,234,138.0,Model A,1993,3442
"(4, 138)",2016,03,PASIR RIS,234,138.0,Model A,1993,3442
"(4, 139)",2016,03,PASIR RIS,206,147.0,Apartment,1993,3483
"(4, 140)",2016,03,PASIR RIS,206,147.0,Apartment,1993,3483
"(4, 141)",2016,03,PASIR RIS,206,147.0,Apartment,1993,3483
"(4, 142)",2016,03,PASIR RIS,206,147.0,Apartment,1993,3483
"(4, 143)",2016,03,PASIR RIS,206,147.0,Apartment,1993,3483
"(4, 144)",2016,03,PASIR RIS,206,147.0,Apartment,1993,3483
"(4, 145)",2016,03,PASIR RIS,206,147.0,Apartment,1993,3483
"(4, 146)",2016,03,PASIR RIS,206,147.0,Apartment,1993,3483
"(4, 147)",2016,03,PASIR RIS,206,147.0,Apartment,1993,3483
"(4, 148)",2016,03,PASIR RIS,251,150.0,Apartment,1993,3753
"(4, 149)",2016,03,PASIR RIS,251,150.0,Apartment,1993,3753
"(4, 150)",2016,03,PASIR RIS,251,150.0,Apartment,1993,3753
"(5, 80)",2016,04,PASIR RIS,140,126.0,Improved,1994,3175
"(5, 81)",2016,04,PASIR RIS,140,126.0,Improved,1994,3175
"(5, 82)",2016,04,PASIR RIS,140,126.0,Improved,1994,3175
"(5, 83)",2016,04,PASIR RIS,140,126.0,Improved,1994,3175
"(5, 84)",2016,04,PASIR RIS,140,126.0,Improved,1994,3175
"(5, 85)",2016,04,PASIR RIS,140,126.0,Improved,1994,3175
"(5, 86)",2016,04,PASIR RIS,140,126.0,Improved,1994,3175
"(5, 87)",2016,04,PASIR RIS,140,126.0,Improved,1994,3175
"(5, 88)",2016,04,PASIR RIS,140,126.0,Improved,1994,3175
"(5, 89)",2016,04,PASIR RIS,140,126.0,Improved,1994,3175
"(5, 90)",2016,04,PASIR RIS,140,126.0,Improved,1994,3175
"(5, 91)",2016,04,PASIR RIS,140,126.0,Improved,1994,3175
"(5, 92)",2016,04,PASIR RIS,140,126.0,Improved,1994,3175
"(5, 93)",2016,04,PASIR RIS,140,126.0,Improved,1994,3175
"(5, 94)",2016,04,PASIR RIS,140,126.0,Improved,1994,3175
"(5, 95)",2016,04,PASIR RIS,140,126.0,Improved,1994,3175
"(5, 96)",2016,04,PASIR RIS,140,126.0,Improved,1994,3175
"(5, 97)",2016,04,PASIR RIS,140,126.0,Improved,1994,3175
"(5, 98)",2016,04,PASIR RIS,140,126.0,Improved,1994,3175
"(5, 99)",2016,04,PASIR RIS,140,126.0,Improved,1994,3175
"(5, 100)",2016,04,PASIR RIS,140,126.0,Improved,1994,3175
"(5, 101)",2016,04,PASIR RIS,140,126.0,Improved,1994,3175
"(5, 102)",2016,04,PASIR RIS,140,126.0,Improved,1994,3175
"(5, 103)",2016,04,PASIR RIS,140,126.0,Improved,1994,3175
"(5, 104)",2016,04,PASIR RIS,140,126.0,Improved,1994,3175
"(5, 105)",2016,04,PASIR RIS,140,126.0,Improved,1994,3175
"(5, 106)",2016,04,PASIR RIS,140,126.0,Improved,1994,3175
"(5, 107)",2016,04,PASIR RIS,140,126.0,Improved,1994,3175
"(5, 108)",2016,04,PASIR RIS,140,126.0,Improved,1994,3175
"(5, 109)",2016,04,PASIR RIS,140,126.0,Improved,1994,3175
"(5, 110)",2016,04,PASIR RIS,140,126.0,Improved,1994,3175
"(5, 111)",2016,04,PASIR RIS,140,126.0,Improved,1994,3175
"(5, 112)",2016,04,PASIR RIS,140,126.0,Improved,1994,3175
"(5, 113)",2016,04,PASIR RIS,140,126.0,Improved,1994,3175
"(5, 114)",2016,04,PASIR RIS,140,126.0,Improved,1994,3175
"(5, 115)",2016,04,PASIR RIS,140,126.0,Improved,1994,3175
"(5, 116)",2016,04,PASIR RIS,140,126.0,Improved,1994,3175
"(5, 117)",2016,04,PASIR RIS,140,126.0,Improved,1994,3175
"(5, 118)",2016,04,PASIR RIS,140,126.0,Improved,1994,3175
"(5, 119)",2016,04,PASIR RIS,140,126.0,Improved,1994,3175
"(5, 120)",2016,04,PASIR RIS,140,126.0,Improved,1994,3175
"(5, 121)",2016,04,PASIR RIS,140,126.0,Improved,1994,3175
"(5, 122)",2016,04,PASIR RIS,140,126.0,Improved,1994,3175
"(5, 123)",2016,04,PASIR RIS,140,126.0,Improved,1994,3175
"(5, 124)",2016,04,PASIR RIS,140,126.0,Improved,1994,3175
"(5, 125)",2016,04,PASIR RIS,140,126.0,Improved,1994,3175
"(5, 126)",2016,04,PASIR RIS,140,126.0,Improved,1994,3175
"(5, 127)",2016,06,PASIR RIS,140,136.0,Model A,1994,3309
"(5, 128)",2016,06,PASIR RIS,140,136.0,Model A,1994,3309
"(5, 129)",2016,06,PASIR RIS,140,136.0,Model A,1994,3309
"(5, 130)",2016,06,PASIR RIS,140,136.0,Model A,1994,3309
"(5, 131)",2016,06,PASIR RIS,140,136.0,Model A,1994,3309
"(5, 132)",2016,06,PASIR RIS,140,136.0,Model A,1994,3309
"(5, 133)",2016,06,PASIR RIS,140,136.0,Model A,1994,3309
"(5, 134)",2016,06,PASIR RIS,140,136.0,Model A,1994,3309
"(5, 135)",2016,06,PASIR RIS,140,136.0,Model A,1994,3309
"(5, 136)",2016,06,PASIR RIS,140,136.0,Model A,1994,3309
"(5, 137)",2016,06,PASIR RIS,219,150.0,Apartment,1993,3387
"(5, 138)",2016,06,PASIR RIS,219,150.0,Apartment,1993,3387
"(5, 139)",2016,06,PASIR RIS,219,150.0,Apartment,1993,3387
"(5, 140)",2016,06,PASIR RIS,219,150.0,Apartment,1993,3387
"(5, 141)",2016,06,PASIR RIS,219,150.0,Apartment,1993,3387
"(5, 142)",2016,06,PASIR RIS,219,150.0,Apartment,1993,3387
"(5, 143)",2016,06,PASIR RIS,219,150.0,Apartment,1993,3387
"(5, 144)",2016,06,PASIR RIS,219,150.0,Apartment,1993,3387
"(5, 145)",2016,06,PASIR RIS,219,150.0,Apartment,1993,3387
"(5, 146)",2016,06,PASIR RIS,219,150.0,Apartment,1993,3387
"(5, 147)",2016,06,PASIR RIS,219,150.0,Apartment,1993,3387
"(5, 148)",2016,06,PASIR RIS,219,150.0,Apartment,1993,3387
"(5, 149)",2016,06,PASIR RIS,219,150.0,Apartment,1993,3387
"(5, 150)",2016,06,PASIR RIS,219,150.0,Apartment,1993,3387
"(6, 80)",2016,04,PASIR RIS,140,126.0,Improved,1994,3175
"(6, 81)",2016,04,PASIR RIS,140,126.0,Improved,1994,3175
"(6, 82)",2016,04,PASIR RIS,140,126.0,Improved,1994,3175
"(6, 83)",2016,04,PASIR RIS,140,126.0,Improved,1994,3175
"(6, 84)",2016,04,PASIR RIS,140,126.0,Improved,1994,3175
"(6, 85)",2016,04,PASIR RIS,140,126.0,Improved,1994,3175
"(6, 86)",2016,04,PASIR RIS,140,126.0,Improved,1994,3175
"(6, 87)",2016,04,PASIR RIS,140,126.0,Improved,1994,3175
"(6, 88)",2016,04,PASIR RIS,140,126.0,Improved,1994,3175
"(6, 89)",2016,04,PASIR RIS,140,126.0,Improved,1994,3175
"(6, 90)",2016,04,PASIR RIS,140,126.0,Improved,1994,3175
"(6, 91)",2016,04,PASIR RIS,140,126.0,Improved,1994,3175
"(6, 92)",2016,04,PASIR RIS,140,126.0,Improved,1994,3175
"(6, 93)",2016,04,PASIR RIS,140,126.0,Improved,1994,3175
"(6, 94)",2016,04,PASIR RIS,140,126.0,Improved,1994,3175
"(6, 95)",2016,04,PASIR RIS,140,126.0,Improved,1994,3175
"(6, 96)",2016,04,PASIR RIS,140,126.0,Improved,1994,3175
"(6, 97)",2016,04,PASIR RIS,140,126.0,Improved,1994,3175
"(6, 98)",2016,04,PASIR RIS,140,126.0,Improved,1994,3175
"(6, 99)",2016,04,PASIR RIS,140,126.0,Improved,1994,3175
"(6, 100)",2016,04,PASIR RIS,140,126.0,Improved,1994,3175
"(6, 101)",2016,04,PASIR RIS,140,126.0,Improved,1994,3175
"(6, 102)",2016,04,PASIR RIS,140,126.0,Improved,1994,3175
"(6, 103)",2016,04,PASIR RIS,140,126.0,Improved,1994,3175
"(6, 104)",2016,04,PASIR RIS,140,126.0,Improved,1994,3175
"(6, 105)",2016,04,PASIR RIS,140,126.0,Improved,1994,3175
"(6, 106)",2016,04,PASIR RIS,140,126.0,Improved,1994,3175
"(6, 107)",2016,04,PASIR RIS,140,126.0,Improved,1994,3175
"(6, 108)",2016,04,PASIR RIS,140,126.0,Improved,1994,3175
"(6, 109)",2016,04,PASIR RIS,140,126.0,Improved,1994,3175
"(6, 110)",2016,04,PASIR RIS,140,126.0,Improved,1994,3175
"(6, 111)",2016,04,PASIR RIS,140,126.0,Improved,1994,3175
"(6, 112)",2016,04,PASIR RIS,140,126.0,Improved,1994,3175
"(6, 113)",2016,04,PASIR RIS,140,126.0,Improved,1994,3175
"(6, 114)",2016,04,PASIR RIS,140,126.0,Improved,1994,3175
"(6, 115)",2016,04,PASIR RIS,140,126.0,Improved,1994,3175
"(6, 116)",2016,04,PASIR RIS,140,126.0,Improved,1994,3175
"(6, 117)",2016,04,PASIR RIS,140,126.0,Improved,1994,3175
"(6, 118)",2016,04,PASIR RIS,140,126.0,Improved,1994,3175
"(6, 119)",2016,04,PASIR RIS,140,126.0,Improved,1994,3175
"(6, 120)",2016,04,PASIR RIS,140,126.0,Improved,1994,3175
"(6, 121)",2016,04,PASIR RIS,140,126.0,Improved,1994,3175
"(6, 122)",2016,04,PASIR RIS,140,126.0,Improved,1994,3175
"(6, 123)",2016,04,PASIR RIS,140,126.0,Improved,1994,3175
"(6, 124)",2016,04,PASIR RIS,140,126.0,Improved,1994,3175
"(6, 125)",2016,04,PASIR RIS,140,126.0,Improved,1994,3175
"(6, 126)",2016,04,PASIR RIS,140,126.0,Improved,1994,3175
"(6, 127)",2016,06,PASIR RIS,140,136.0,Model A,1994,3309
"(6, 128)",2016,06,PASIR RIS,140,136.0,Model A,1994,3309
"(6, 129)",2016,06,PASIR RIS,140,136.0,Model A,1994,3309
"(6, 130)",2016,06,PASIR RIS,140,136.0,Model A,1994,3309
"(6, 131)",2016,06,PASIR RIS,140,136.0,Model A,1994,3309
"(6, 132)",2016,06,PASIR RIS,140,136.0,Model A,1994,3309
"(6, 133)",2016,06,PASIR RIS,140,136.0,Model A,1994,3309
"(6, 134)",2016,06,PASIR RIS,140,136.0,Model A,1994,3309
"(6, 135)",2016,06,PASIR RIS,140,136.0,Model A,1994,3309
"(6, 136)",2016,06,PASIR RIS,140,136.0,Model A,1994,3309
"(6, 137)",2016,06,PASIR RIS,219,150.0,Apartment,1993,3387
"(6, 138)",2016,06,PASIR RIS,219,150.0,Apartment,1993,3387
"(6, 139)",2016,06,PASIR RIS,219,150.0,Apartment,1993,3387
"(6, 140)",2016,06,PASIR RIS,219,150.0,Apartment,1993,3387
"(6, 141)",2016,06,PASIR RIS,219,150.0,Apartment,1993,3387
"(6, 142)",2016,06,PASIR RIS,219,150.0,Apartment,1993,3387
"(6, 143)",2016,06,PASIR RIS,219,150.0,Apartment,1993,3387
"(6, 144)",2016,06,PASIR RIS,219,150.0,Apartment,1993,3387
"(6, 145)",2016,06,PASIR RIS,219,150.0,Apartment,1993,3387
"(6, 146)",2016,06,PASIR RIS,219,150.0,Apartment,1993,3387
"(6, 147)",2016,06,PASIR RIS,219,150.0,Apartment,1993,3387
"(6, 148)",2016,06,PASIR RIS,219,150.0,Apartment,1993,3387
"(6, 149)",2016,06,PASIR RIS,219,150.0,Apartment,1993,3387
"(6, 150)",2016,06,PASIR RIS,219,150.0,Apartment,1993,3387
"(7, 80)",2016,08,PASIR RIS,234,138.0,Model A,1993,3116
"(7, 81)",2016,08,PASIR RIS,234,138.0,Model A,1993,3116
"(7, 82)",2016,08,PASIR RIS,234,138.0,Model A,1993,3116
"(7, 83)",2016,08,PASIR RIS,234,138.0,Model A,1993,3116
"(7, 84)",2016,08,PASIR RIS,234,138.0,Model A,1993,3116
"(7, 85)",2016,08,PASIR RIS,234,138.0,Model A,1993,3116
"(7, 86)",2016,08,PASIR RIS,234,138.0,Model A,1993,3116
"(7, 87)",2016,08,PASIR RIS,234,138.0,Model A,1993,3116
"(7, 88)",2016,08,PASIR RIS,234,138.0,Model A,1993,3116
"(7, 89)",2016,08,PASIR RIS,234,138.0,Model A,1993,3116
"(7, 90)",2016,08,PASIR RIS,234,138.0,Model A,1993,3116
"(7, 91)",2016,08,PASIR RIS,234,138.0,Model A,1993,3116
"(7, 92)",2016,08,PASIR RIS,234,138.0,Model A,1993,3116
"(7, 93)",2016,08,PASIR RIS,234,138.0,Model A,1993,3116
"(7, 94)",2016,08,PASIR RIS,234,138.0,Model A,1993,3116
"(7, 95)",2016,08,PASIR RIS,234,138.0,Model A,1993,3116
"(7, 96)",2016,08,PASIR RIS,234,138.0,Model A,1993,3116
"(7, 97)",2016,08,PASIR RIS,234,138.0,Model A,1993,3116
"(7, 98)",2016,08,PASIR RIS,234,138.0,Model A,1993,3116
"(7, 99)",2016,08,PASIR RIS,234,138.0,Model A,1993,3116
"(7, 100)",2016,08,PASIR RIS,234,138.0,Model A,1993,3116
"(7, 101)",2016,08,PASIR RIS,234,138.0,Model A,1993,3116
"(7, 102)",2016,08,PASIR RIS,234,138.0,Model A,1993,3116
"(7, 103)",2016,08,PASIR RIS,234,138.0,Model A,1993,3116
"(7, 104)",2016,08,PASIR RIS,234,138.0,Model A,1993,3116
"(7, 105)",2016,08,PASIR RIS,234,138.0,Model A,1993,3116
"(7, 106)",2016,08,PASIR RIS,234,138.0,Model A,1993,3116
"(7, 107)",2016,08,PASIR RIS,234,138.0,Model A,1993,3116
"(7, 108)",2016,08,PASIR RIS,234,138.0,Model A,1993,3116
"(7, 109)",2016,08,PASIR RIS,234,138.0,Model A,1993,3116
"(7, 110)",2016,08,PASIR RIS,234,138.0,Model A,1993,3116
"(7, 111)",2016,08,PASIR RIS,234,138.0,Model A,1993,3116
"(7, 112)",2016,08,PASIR RIS,234,138.0,Model A,1993,3116
"(7, 113)",2016,08,PASIR RIS,234,138.0,Model A,1993,3116
"(7, 114)",2016,08,PASIR RIS,234,138.0,Model A,1993,3116
"(7, 115)",2016,08,PASIR RIS,234,138.0,Model A,1993,3116
"(7, 116)",2016,08,PASIR RIS,234,138.0,Model A,1993,3116
"(7, 117)",2016,08,PASIR RIS,234,138.0,Model A,1993,3116
"(7, 118)",2016,08,PASIR RIS,234,138.0,Model A,1993,3116
"(7, 119)",2016,08,PASIR RIS,234,138.0,Model A,1993,3116
"(7, 120)",2016,08,PASIR RIS,234,138.0,Model A,1993,3116
"(7, 121)",2016,08,PASIR RIS,234,138.0,Model A,1993,3116
"(7, 122)",2016,08,PASIR RIS,234,138.0,Model A,1993,3116
"(7, 123)",2016,08,PASIR RIS,234,138.0,Model A,1993,3116
"(7, 124)",2016,08,PASIR RIS,234,138.0,Model A,1993,3116
"(7, 125)",2016,08,PASIR RIS,234,138.0,Model A,1993,3116
"(7, 126)",2016,08,PASIR RIS,234,138.0,Model A,1993,3116
"(7, 127)",2016,08,PASIR RIS,234,138.0,Model A,1993,3116
"(7, 128)",2016,08,PASIR RIS,234,138.0,Model A,1993,3116
"(7, 129)",2016,08,PASIR RIS,234,138.0,Model A,1993,3116
"(7, 130)",2016,08,PASIR RIS,234,138.0,Model A,1993,3116
"(7, 131)",2016,08,PASIR RIS,234,138.0,Model A,1993,3116
"(7, 132)",2016,08,PASIR RIS,234,138.0,Model A,1993,3116
"(7, 133)",2016,08,PASIR RIS,234,138.0,Model A,1993,3116
"(7, 134)",2016,08,PASIR RIS,234,138.0,Model A,1993,3116
"(7, 135)",2016,08,PASIR RIS,234,138.0,Model A,1993,3116
"(7, 136)",2016,08,PASIR RIS,234,138.0,Model A,1993,3116
"(7, 137)",2016,08,PASIR RIS,234,138.0,Model A,1993,3116
"(7, 138)",2016,08,PASIR RIS,234,138.0,Model A,1993,3116
"(7, 139)",2016,06,PASIR RIS,219,150.0,Apartment,1993,3387
"(7, 140)",2016,06,PASIR RIS,219,150.0,Apartment,1993,3387
"(7, 141)",2016,06,PASIR RIS,219,150.0,Apartment,1993,3387
"(7, 142)",2016,06,PASIR RIS,219,150.0,Apartment,1993,3387
"(7, 143)",2016,06,PASIR RIS,219,150.0,Apartment,1993,3387
"(7, 144)",2016,06,PASIR RIS,219,150.0,Apartment,1993,3387
"(7, 145)",2016,06,PASIR RIS,219,150.0,Apartment,1993,3387
"(7, 146)",2016,06,PASIR RIS,219,150.0,Apartment,1993,3387
"(7, 147)",2016,06,PASIR RIS,219,150.0,Apartment,1993,3387
"(7, 148)",2016,06,PASIR RIS,219,150.0,Apartment,1993,3387
"(7, 149)",2016,06,PASIR RIS,219,150.0,Apartment,1993,3387
"(7, 150)",2016,06,PASIR RIS,219,150.0,Apartment,1993,3387
"(8, 80)",2016,08,PASIR RIS,234,138.0,Model A,1993,3116
"(8, 81)",2016,08,PASIR RIS,234,138.0,Model A,1993,3116
"(8, 82)",2016,08,PASIR RIS,234,138.0,Model A,1993,3116
"(8, 83)",2016,08,PASIR RIS,234,138.0,Model A,1993,3116
"(8, 84)",2016,08,PASIR RIS,234,138.0,Model A,1993,3116
"(8, 85)",2016,08,PASIR RIS,234,138.0,Model A,1993,3116
"(8, 86)",2016,08,PASIR RIS,234,138.0,Model A,1993,3116
"(8, 87)",2016,08,PASIR RIS,234,138.0,Model A,1993,3116
"(8, 88)",2016,08,PASIR RIS,234,138.0,Model A,1993,3116
"(8, 89)",2016,08,PASIR RIS,234,138.0,Model A,1993,3116
"(8, 90)",2016,08,PASIR RIS,234,138.0,Model A,1993,3116
"(8, 91)",2016,08,PASIR RIS,234,138.0,Model A,1993,3116
"(8, 92)",2016,08,PASIR RIS,234,138.0,Model A,1993,3116
"(8, 93)",2016,08,PASIR RIS,234,138.0,Model A,1993,3116
"(8, 94)",2016,08,PASIR RIS,234,138.0,Model A,1993,3116
"(8, 95)",2016,08,PASIR RIS,234,138.0,Model A,1993,3116
"(8, 96)",2016,08,PASIR RIS,234,138.0,Model A,1993,3116
"(8, 97)",2016,08,PASIR RIS,234,138.0,Model A,1993,3116
"(8, 98)",2016,08,PASIR RIS,234,138.0,Model A,1993,3116
"(8, 99)",2016,08,PASIR RIS,234,138.0,Model A,1993,3116
"(8, 100)",2016,08,PASIR RIS,234,138.0,Model A,1993,3116
"(8, 101)",2016,08,PASIR RIS,234,138.0,Model A,1993,3116
"(8, 102)",2016,08,PASIR RIS,234,138.0,Model A,1993,3116
"(8, 103)",2016,08,PASIR RIS,234,138.0,Model A,1993,3116
"(8, 104)",2016,08,PASIR RIS,234,138.0,Model A,1993,3116
"(8, 105)",2016,08,PASIR RIS,234,138.0,Model A,1993,3116
"(8, 106)",2016,08,PASIR RIS,234,138.0,Model A,1993,3116
"(8, 107)",2016,08,PASIR RIS,234,138.0,Model A,1993,3116
"(8, 108)",2016,08,PASIR RIS,234,138.0,Model A,1993,3116
"(8, 109)",2016,08,PASIR RIS,234,138.0,Model A,1993,3116
"(8, 110)",2016,08,PASIR RIS,234,138.0,Model A,1993,3116
"(8, 111)",2016,08,PASIR RIS,234,138.0,Model A,1993,3116
"(8, 112)",2016,08,PASIR RIS,234,138.0,Model A,1993,3116
"(8, 113)",2016,08,PASIR RIS,234,138.0,Model A,1993,3116
"(8, 114)",2016,08,PASIR RIS,234,138.0,Model A,1993,3116
"(8, 115)",2016,08,PASIR RIS,234,138.0,Model A,1993,3116
"(8, 116)",2016,08,PASIR RIS,234,138.0,Model A,1993,3116
"(8, 117)",2016,08,PASIR RIS,234,138.0,Model A,1993,3116
"(8, 118)",2016,08,PASIR RIS,234,138.0,Model A,1993,3116
"(8, 119)",2016,08,PASIR RIS,234,138.0,Model A,1993,3116
"(8, 120)",2016,08,PASIR RIS,234,138.0,Model A,1993,3116
"(8, 121)",2016,08,PASIR RIS,234,138.0,Model A,1993,3116
"(8, 122)",2016,08,PASIR RIS,234,138.0,Model A,1993,3116
"(8, 123)",2016,08,PASIR RIS,234,138.0,Model A,1993,3116
"(8, 124)",2016,08,PASIR RIS,234,138.0,Model A,1993,3116
"(8, 125)",2016,08,PASIR RIS,234,138.0,Model A,1993,3116
"(8, 126)",2016,08,PASIR RIS,234,138.0,Model A,1993,3116
"(8, 127)",2016,08,PASIR RIS,234,138.0,Model A,1993,3116
"(8, 128)",2016,08,PASIR RIS,234,138.0,Model A,1993,3116
"(8, 129)",2016,08,PASIR RIS,234,138.0,Model A,1993,3116
"(8, 130)",2016,08,PASIR RIS,234,138.0,Model A,1993,3116
"(8, 131)",2016,08,PASIR RIS,234,138.0,Model A,1993,3116
"(8, 132)",2016,08,PASIR RIS,234,138.0,Model A,1993,3116
"(8, 133)",2016,08,PASIR RIS,234,138.0,Model A,1993,3116
"(8, 134)",2016,08,PASIR RIS,234,138.0,Model A,1993,3116
"(8, 135)",2016,08,PASIR RIS,234,138.0,Model A,1993,3116
"(8, 136)",2016,08,PASIR RIS,234,138.0,Model A,1993,3116
"(8, 137)",2016,08,PASIR RIS,234,138.0,Model A,1993,3116
"(8, 138)",2016,08,PASIR RIS,234,138.0,Model A,1993,3116
"(8, 139)",2016,06,PASIR RIS,219,150.0,Apartment,1993,3387
"(8, 140)",2016,06,PASIR RIS,219,150.0,Apartment,1993,3387
"(8, 141)",2016,06,PASIR RIS,219,150.0,Apartment,1993,3387
"(8, 142)",2016,06,PASIR RIS,219,150.0,Apartment,1993,3387
"(8, 143)",2016,06,PASIR RIS,219,150.0,Apartment,1993,3387
"(8, 144)",2016,06,PASIR RIS,219,150.0,Apartment,1993,3387
"(8, 145)",2016,06,PASIR RIS,219,150.0,Apartment,1993,3387
"(8, 146)",2016,06,PASIR RIS,219,150.0,Apartment,1993,3387
"(8, 147)",2016,06,PASIR RIS,219,150.0,Apartment,1993,3387
"(8, 148)",2016,06,PASIR RIS,219,150.0,Apartment,1993,3387
"(8, 149)",2016,06,PASIR RIS,219,150.0,Apartment,1993,3387
"(8, 150)",2016,06,PASIR RIS,219,150.0,Apartment,1993,3387
